"email";"nome";"azienda";"oggetto";"corpo"
"info.dbosco@salesianiverona.it";"";"Liceo linguistico – Istituto Don Bosco – Salesiani Verona";"Liceo linguistico – Istituto Don Bosco – Salesiani Verona - Chatbot AI per scuola di lingue";"Buongiorno,

sono il titolare di Tia Designs, a Mantova, e sviluppo siti e strumenti web su misura.

Ho visto che presentate percorsi linguistici e un canale per chiedere informazioni.

Potrei aggiungere al sito un chatbot AI in abbonamento mensile per orientare tra corsi e livelli e raccogliere lingua, obiettivo e disponibilità per la segreteria. Partirei da risposte approvate da voi, con passaggio al personale per i casi specifici.

È un aspetto che vorreste semplificare? Possiamo sentirci 10 minuti per capire come lo gestite oggi.

Tia Designs
https://tiadesigns.it"
"villanovacoworking@gmail.com";"";"Villanova Coworking – Il coworking nel cuore di Cagliari";"Villanova Coworking – Il coworking nel cuore di Cagliari - Chatbot AI per coworking";"Buongiorno,

sono il titolare di Tia Designs, a Mantova, e sviluppo siti e strumenti web su misura.

Ho visto che presentate postazioni e spazi di lavoro prenotabili.

Potrei aggiungere al sito un chatbot AI in abbonamento mensile per presentare postazioni e sale e raccogliere una richiesta di visita o prenotazione. Partirei da risposte approvate da voi, con passaggio al personale per i casi specifici.

È un aspetto che vorreste semplificare? Possiamo sentirci 10 minuti per capire come lo gestite oggi.

Tia Designs
https://tiadesigns.it"
"info@opencampus.it";"";"Open Campus Coworking | Il tuo ufficio a Cagliari";"Open Campus Coworking | Il tuo ufficio a Cagliari - Chatbot AI per coworking";"Buongiorno,

sono il titolare di Tia Designs, a Mantova, e sviluppo siti e strumenti web su misura.

Ho visto che presentate postazioni e spazi di lavoro prenotabili.

Potrei aggiungere al sito un chatbot AI in abbonamento mensile per presentare postazioni e sale e raccogliere una richiesta di visita o prenotazione. Partirei da risposte approvate da voi, con passaggio al personale per i casi specifici.

È un aspetto che vorreste semplificare? Possiamo sentirci 10 minuti per capire come lo gestite oggi.

Tia Designs
https://tiadesigns.it"
"segreteria@asterisco.sicilia.it";"";"Asterisco Centro di Formazione e Agenzia per il Lavoro";"Asterisco Centro di Formazione e Agenzia per il Lavoro - Chatbot AI per coworking";"Buongiorno,

sono il titolare di Tia Designs, a Mantova, e sviluppo siti e strumenti web su misura.

Ho visto che presentate postazioni e spazi di lavoro prenotabili.

Potrei aggiungere al sito un chatbot AI in abbonamento mensile per presentare postazioni e sale e raccogliere una richiesta di visita o prenotazione. Partirei da risposte approvate da voi, con passaggio al personale per i casi specifici.

È un aspetto che vorreste semplificare? Possiamo sentirci 10 minuti per capire come lo gestite oggi.

Tia Designs
https://tiadesigns.it"
"coworking@neunoi.it";"";"· neu [nòi] spazio al lavoro APS";"· neu [nòi] spazio al lavoro APS - Chatbot AI per coworking";"Buongiorno,

sono il titolare di Tia Designs, a Mantova, e sviluppo siti e strumenti web su misura.

Ho visto che presentate postazioni e spazi di lavoro prenotabili.

Potrei aggiungere al sito un chatbot AI in abbonamento mensile per presentare postazioni e sale e raccogliere una richiesta di visita o prenotazione. Partirei da risposte approvate da voi, con passaggio al personale per i casi specifici.

È un aspetto che vorreste semplificare? Possiamo sentirci 10 minuti per capire come lo gestite oggi.

Tia Designs
https://tiadesigns.it"
"info@selfhabitat.it";"";"Self Habitat Firenze";"Self Habitat Firenze - Modulo richieste per spazi per eventi";"Buongiorno,

sono il titolare di Tia Designs, a Mantova, e sviluppo siti e strumenti web su misura.

Ho visto che presentate spazi e servizi per eventi e richieste di disponibilità.

Potrei sviluppare un modulo guidato per raccogliere data, tipo di evento, partecipanti e servizi richiesti per la verifica. L'obiettivo sarebbe ricevere informazioni più complete già al primo contatto.

È un aspetto che vorreste semplificare? Possiamo sentirci 10 minuti per capire come lo gestite oggi.

Tia Designs
https://tiadesigns.it"
"mario.rossi@mail.com";"";"Supporto e assistenza | Casaforte";"Supporto e assistenza | Casaforte - Chatbot AI per self storage e deposito";"Buongiorno,

sono il titolare di Tia Designs, a Mantova, e sviluppo siti e strumenti web su misura.

Ho visto che presentate soluzioni di deposito e invitano a chiedere informazioni.

Potrei aggiungere al sito un chatbot AI in abbonamento mensile per spiegare le formule disponibili e raccogliere spazio, durata e data desiderata. Partirei da risposte approvate da voi, con passaggio al personale per i casi specifici.

È un aspetto che vorreste semplificare? Possiamo sentirci 10 minuti per capire come lo gestite oggi.

Tia Designs
https://tiadesigns.it"
"info@amorusotrasloca.it";"";"Custodisce - AMORUSO TRASLOCA";"Custodisce - AMORUSO TRASLOCA - Modulo richieste per noleggio attrezzature";"Buongiorno,

sono il titolare di Tia Designs, a Mantova, e sviluppo siti e strumenti web su misura.

Ho visto che presentate attrezzature a noleggio e richieste per i clienti.

Potrei sviluppare un modulo guidato per raccogliere attrezzatura, periodo, luogo d’impiego e descrizione del lavoro. L'obiettivo sarebbe ricevere informazioni più complete già al primo contatto.

È un aspetto che vorreste semplificare? Possiamo sentirci 10 minuti per capire come lo gestite oggi.

Tia Designs
https://tiadesigns.it"
"multinfo@barimultiservizi.it";"";"Bari Multiservizi";"Bari Multiservizi - Automazione richieste per immobiliare";"Buongiorno,

sono il titolare di Tia Designs, a Mantova, e sviluppo siti e strumenti web su misura.

Ho visto che gestite immobili o locazioni e ricevete richieste dai clienti.

Potrei sviluppare una piccola automazione per organizzare le richieste per immobile, zona, esigenza e prossimo ricontatto. Prima verificherei gli strumenti che usate già, per definire un intervento circoscritto.

È un aspetto che vorreste semplificare? Possiamo sentirci 10 minuti per capire come lo gestite oggi.

Tia Designs
https://tiadesigns.it"
"info@deposito-temporaneo.it";"";"ed Informazioni sul nostro servizio di locazione - Deposito Temporaneo";"ed Informazioni sul nostro servizio di locazione - Deposito Temporaneo - Chatbot AI per self storage e deposito";"Buongiorno,

sono il titolare di Tia Designs, a Mantova, e sviluppo siti e strumenti web su misura.

Ho visto che presentate soluzioni di deposito e invitano a chiedere informazioni.

Potrei aggiungere al sito un chatbot AI in abbonamento mensile per spiegare le formule disponibili e raccogliere spazio, durata e data desiderata. Partirei da risposte approvate da voi, con passaggio al personale per i casi specifici.

È un aspetto che vorreste semplificare? Possiamo sentirci 10 minuti per capire come lo gestite oggi.

Tia Designs
https://tiadesigns.it"
"info@fioretraslochi.com";"";"Deposito per Traslochi - Bari Puglia | Fiore Traslochi";"Deposito per Traslochi - Bari Puglia | Fiore Traslochi - Chatbot AI per self storage e deposito";"Buongiorno,

sono il titolare di Tia Designs, a Mantova, e sviluppo siti e strumenti web su misura.

Ho visto che presentate soluzioni di deposito e invitano a chiedere informazioni.

Potrei aggiungere al sito un chatbot AI in abbonamento mensile per spiegare le formule disponibili e raccogliere spazio, durata e data desiderata. Partirei da risposte approvate da voi, con passaggio al personale per i casi specifici.

È un aspetto che vorreste semplificare? Possiamo sentirci 10 minuti per capire come lo gestite oggi.

Tia Designs
https://tiadesigns.it"
"info@trollystorage.com";"";"Trolly Storage";"Trolly Storage - Chatbot AI per self storage e deposito";"Buongiorno,

sono il titolare di Tia Designs, a Mantova, e sviluppo siti e strumenti web su misura.

Ho visto che presentate soluzioni di deposito e invitano a chiedere informazioni.

Potrei aggiungere al sito un chatbot AI in abbonamento mensile per spiegare le formule disponibili e raccogliere spazio, durata e data desiderata. Partirei da risposte approvate da voi, con passaggio al personale per i casi specifici.

È un aspetto che vorreste semplificare? Possiamo sentirci 10 minuti per capire come lo gestite oggi.

Tia Designs
https://tiadesigns.it"
"segreteria@sportforma.it";"";"Impianti sportivi e palestre dal 1995 | SPORTFORMA APS";"Impianti sportivi e palestre dal 1995 | SPORTFORMA APS - Chatbot AI per centro sportivo";"Buongiorno,

sono il titolare di Tia Designs, a Mantova, e sviluppo siti e strumenti web su misura.

Ho visto che presentate attività sportive e modalità per chiedere informazioni.

Potrei aggiungere al sito un chatbot AI in abbonamento mensile per presentare corsi e attività e raccogliere interesse, fascia oraria e recapito. Partirei da risposte approvate da voi, con passaggio al personale per i casi specifici.

È un aspetto che vorreste semplificare? Possiamo sentirci 10 minuti per capire come lo gestite oggi.

Tia Designs
https://tiadesigns.it"
"infozumaglia@palestrevillage.it";"";"Palestre Village";"Palestre Village - Chatbot AI per centro sportivo";"Buongiorno,

sono il titolare di Tia Designs, a Mantova, e sviluppo siti e strumenti web su misura.

Ho visto che presentate attività sportive e modalità per chiedere informazioni.

Potrei aggiungere al sito un chatbot AI in abbonamento mensile per presentare corsi e attività e raccogliere interesse, fascia oraria e recapito. Partirei da risposte approvate da voi, con passaggio al personale per i casi specifici.

È un aspetto che vorreste semplificare? Possiamo sentirci 10 minuti per capire come lo gestite oggi.

Tia Designs
https://tiadesigns.it"
"info@padelpadel.it";"";"Info su WhatsApp – Padel Padel";"Info su WhatsApp – Padel Padel - Chatbot AI per centro sportivo";"Buongiorno,

sono il titolare di Tia Designs, a Mantova, e sviluppo siti e strumenti web su misura.

Ho visto che presentate attività sportive e modalità per chiedere informazioni.

Potrei aggiungere al sito un chatbot AI in abbonamento mensile per presentare corsi e attività e raccogliere interesse, fascia oraria e recapito. Partirei da risposte approvate da voi, con passaggio al personale per i casi specifici.

È un aspetto che vorreste semplificare? Possiamo sentirci 10 minuti per capire come lo gestite oggi.

Tia Designs
https://tiadesigns.it"
"info@sportown.it";"";"Prezzi Palestra Sport Town Torino";"Prezzi Palestra Sport Town Torino - Chatbot AI per centro sportivo";"Buongiorno,

sono il titolare di Tia Designs, a Mantova, e sviluppo siti e strumenti web su misura.

Ho visto che presentate attività sportive e modalità per chiedere informazioni.

Potrei aggiungere al sito un chatbot AI in abbonamento mensile per presentare corsi e attività e raccogliere interesse, fascia oraria e recapito. Partirei da risposte approvate da voi, con passaggio al personale per i casi specifici.

È un aspetto che vorreste semplificare? Possiamo sentirci 10 minuti per capire come lo gestite oggi.

Tia Designs
https://tiadesigns.it"
"airesfitness@libero.it";"";"PALESTRA AIRES FITNESS";"PALESTRA AIRES FITNESS - Chatbot AI per centro sportivo";"Buongiorno,

sono il titolare di Tia Designs, a Mantova, e sviluppo siti e strumenti web su misura.

Ho visto che presentate attività sportive e modalità per chiedere informazioni.

Potrei aggiungere al sito un chatbot AI in abbonamento mensile per presentare corsi e attività e raccogliere interesse, fascia oraria e recapito. Partirei da risposte approvate da voi, con passaggio al personale per i casi specifici.

È un aspetto che vorreste semplificare? Possiamo sentirci 10 minuti per capire come lo gestite oggi.

Tia Designs
https://tiadesigns.it"
"bigpalestra@libero.it";"";"Palestra Big Roma";"Palestra Big Roma - Chatbot AI per centro sportivo";"Buongiorno,

sono il titolare di Tia Designs, a Mantova, e sviluppo siti e strumenti web su misura.

Ho visto che presentate attività sportive e modalità per chiedere informazioni.

Potrei aggiungere al sito un chatbot AI in abbonamento mensile per presentare corsi e attività e raccogliere interesse, fascia oraria e recapito. Partirei da risposte approvate da voi, con passaggio al personale per i casi specifici.

È un aspetto che vorreste semplificare? Possiamo sentirci 10 minuti per capire come lo gestite oggi.

Tia Designs
https://tiadesigns.it"
"info@palestradiamond.it";"";"Palestra Diamond Torino";"Palestra Diamond Torino - Chatbot AI per centro sportivo";"Buongiorno,

sono il titolare di Tia Designs, a Mantova, e sviluppo siti e strumenti web su misura.

Ho visto che presentate attività sportive e modalità per chiedere informazioni.

Potrei aggiungere al sito un chatbot AI in abbonamento mensile per presentare corsi e attività e raccogliere interesse, fascia oraria e recapito. Partirei da risposte approvate da voi, con passaggio al personale per i casi specifici.

È un aspetto che vorreste semplificare? Possiamo sentirci 10 minuti per capire come lo gestite oggi.

Tia Designs
https://tiadesigns.it"
"info@lupaboxe.it";"";"Lupa Sport Club | Palestra a Roma – Via Argentina Altobelli 32";"Lupa Sport Club | Palestra a Roma – Via Argentina Altobelli 32 - Chatbot AI per centro sportivo";"Buongiorno,

sono il titolare di Tia Designs, a Mantova, e sviluppo siti e strumenti web su misura.

Ho visto che presentate attività sportive e modalità per chiedere informazioni.

Potrei aggiungere al sito un chatbot AI in abbonamento mensile per presentare corsi e attività e raccogliere interesse, fascia oraria e recapito. Partirei da risposte approvate da voi, con passaggio al personale per i casi specifici.

È un aspetto che vorreste semplificare? Possiamo sentirci 10 minuti per capire come lo gestite oggi.

Tia Designs
https://tiadesigns.it"
"info@hotelnaples.it";"";"s, telephone of Hotel Naples. How to reach us";"s, telephone of Hotel Naples. How to reach us - Chatbot AI per struttura ricettiva";"Buongiorno,

sono il titolare di Tia Designs, a Mantova, e sviluppo siti e strumenti web su misura.

Ho visto che presentate la struttura e le modalità per chiedere disponibilità.

Potrei aggiungere al sito un chatbot AI in abbonamento mensile per rispondere alle FAQ e raccogliere date, numero di ospiti e preferenze prima del ricontatto. Partirei da risposte approvate da voi, con passaggio al personale per i casi specifici.

È un aspetto che vorreste semplificare? Possiamo sentirci 10 minuti per capire come lo gestite oggi.

Tia Designs
https://tiadesigns.it"
"hotel@hotelastortorino.it";"";"Hotel Astor Torino vicino Lingotto Fiere, Stadio Olimpico, Pala Alpitour";"Hotel Astor Torino vicino Lingotto Fiere, Stadio Olimpico, Pala Alpitour - Chatbot AI per struttura ricettiva";"Buongiorno,

sono il titolare di Tia Designs, a Mantova, e sviluppo siti e strumenti web su misura.

Ho visto che presentate la struttura e le modalità per chiedere disponibilità.

Potrei aggiungere al sito un chatbot AI in abbonamento mensile per rispondere alle FAQ e raccogliere date, numero di ospiti e preferenze prima del ricontatto. Partirei da risposte approvate da voi, con passaggio al personale per i casi specifici.

È un aspetto che vorreste semplificare? Possiamo sentirci 10 minuti per capire come lo gestite oggi.

Tia Designs
https://tiadesigns.it"
"booking@hotelreginamargherita.com";"";"Regina Margherita Hotel";"Regina Margherita Hotel - Chatbot AI per struttura ricettiva";"Buongiorno,

sono il titolare di Tia Designs, a Mantova, e sviluppo siti e strumenti web su misura.

Ho visto che presentate la struttura e le modalità per chiedere disponibilità.

Potrei aggiungere al sito un chatbot AI in abbonamento mensile per rispondere alle FAQ e raccogliere date, numero di ospiti e preferenze prima del ricontatto. Partirei da risposte approvate da voi, con passaggio al personale per i casi specifici.

È un aspetto che vorreste semplificare? Possiamo sentirci 10 minuti per capire come lo gestite oggi.

Tia Designs
https://tiadesigns.it"
"info@sardegnahotelcagliari.it";"";"Alberghi di Cagliari | Infopoint Cagliari";"Alberghi di Cagliari | Infopoint Cagliari - Chatbot AI per struttura ricettiva";"Buongiorno,

sono il titolare di Tia Designs, a Mantova, e sviluppo siti e strumenti web su misura.

Ho visto che presentate la struttura e le modalità per chiedere disponibilità.

Potrei aggiungere al sito un chatbot AI in abbonamento mensile per rispondere alle FAQ e raccogliere date, numero di ospiti e preferenze prima del ricontatto. Partirei da risposte approvate da voi, con passaggio al personale per i casi specifici.

È un aspetto che vorreste semplificare? Possiamo sentirci 10 minuti per capire come lo gestite oggi.

Tia Designs
https://tiadesigns.it"
"reservations@turinhotelcompany.it";"";"TURIN HOTEL COMPANY HOTEL APPARTAMENTI ARREDATI";"TURIN HOTEL COMPANY HOTEL APPARTAMENTI ARREDATI - Chatbot AI per struttura ricettiva";"Buongiorno,

sono il titolare di Tia Designs, a Mantova, e sviluppo siti e strumenti web su misura.

Ho visto che presentate la struttura e le modalità per chiedere disponibilità.

Potrei aggiungere al sito un chatbot AI in abbonamento mensile per rispondere alle FAQ e raccogliere date, numero di ospiti e preferenze prima del ricontatto. Partirei da risposte approvate da voi, con passaggio al personale per i casi specifici.

È un aspetto che vorreste semplificare? Possiamo sentirci 10 minuti per capire come lo gestite oggi.

Tia Designs
https://tiadesigns.it"
"booking@casaclat.it";"";"Casa Clàt";"Casa Clàt - Chatbot AI per struttura ricettiva";"Buongiorno,

sono il titolare di Tia Designs, a Mantova, e sviluppo siti e strumenti web su misura.

Ho visto che presentate la struttura e le modalità per chiedere disponibilità.

Potrei aggiungere al sito un chatbot AI in abbonamento mensile per rispondere alle FAQ e raccogliere date, numero di ospiti e preferenze prima del ricontatto. Partirei da risposte approvate da voi, con passaggio al personale per i casi specifici.

È un aspetto che vorreste semplificare? Possiamo sentirci 10 minuti per capire come lo gestite oggi.

Tia Designs
https://tiadesigns.it"
"sadomusarda@virgilio.it";"";"Sa Domu Sarda";"Sa Domu Sarda - Chatbot AI per struttura ricettiva";"Buongiorno,

sono il titolare di Tia Designs, a Mantova, e sviluppo siti e strumenti web su misura.

Ho visto che presentate la struttura e le modalità per chiedere disponibilità.

Potrei aggiungere al sito un chatbot AI in abbonamento mensile per rispondere alle FAQ e raccogliere date, numero di ospiti e preferenze prima del ricontatto. Partirei da risposte approvate da voi, con passaggio al personale per i casi specifici.

È un aspetto che vorreste semplificare? Possiamo sentirci 10 minuti per capire come lo gestite oggi.

Tia Designs
https://tiadesigns.it"
"info@pietredigelo.it";"";"e Info Agriturismo in Sicilia - PIETRE DI GELO";"e Info Agriturismo in Sicilia - PIETRE DI GELO - Chatbot AI per struttura ricettiva";"Buongiorno,

sono il titolare di Tia Designs, a Mantova, e sviluppo siti e strumenti web su misura.

Ho visto che presentate la struttura e le modalità per chiedere disponibilità.

Potrei aggiungere al sito un chatbot AI in abbonamento mensile per rispondere alle FAQ e raccogliere date, numero di ospiti e preferenze prima del ricontatto. Partirei da risposte approvate da voi, con passaggio al personale per i casi specifici.

È un aspetto che vorreste semplificare? Possiamo sentirci 10 minuti per capire come lo gestite oggi.

Tia Designs
https://tiadesigns.it"
"multaiola2017@gmail.com";"";"La Multaiola";"La Multaiola - Chatbot AI per struttura ricettiva";"Buongiorno,

sono il titolare di Tia Designs, a Mantova, e sviluppo siti e strumenti web su misura.

Ho visto che presentate la struttura e le modalità per chiedere disponibilità.

Potrei aggiungere al sito un chatbot AI in abbonamento mensile per rispondere alle FAQ e raccogliere date, numero di ospiti e preferenze prima del ricontatto. Partirei da risposte approvate da voi, con passaggio al personale per i casi specifici.

È un aspetto che vorreste semplificare? Possiamo sentirci 10 minuti per capire come lo gestite oggi.

Tia Designs
https://tiadesigns.it"
"info@samendhula.com";"";"Agriturismo B&B Sa Mendhula Olbia";"Agriturismo B&B Sa Mendhula Olbia - Chatbot AI per struttura ricettiva";"Buongiorno,

sono il titolare di Tia Designs, a Mantova, e sviluppo siti e strumenti web su misura.

Ho visto che presentate la struttura e le modalità per chiedere disponibilità.

Potrei aggiungere al sito un chatbot AI in abbonamento mensile per rispondere alle FAQ e raccogliere date, numero di ospiti e preferenze prima del ricontatto. Partirei da risposte approvate da voi, con passaggio al personale per i casi specifici.

È un aspetto che vorreste semplificare? Possiamo sentirci 10 minuti per capire come lo gestite oggi.

Tia Designs
https://tiadesigns.it"
"beb.laminditta@gmail.com";"";"B&B La Minditta - San Teodoro";"B&B La Minditta - San Teodoro - Chatbot AI per struttura ricettiva";"Buongiorno,

sono il titolare di Tia Designs, a Mantova, e sviluppo siti e strumenti web su misura.

Ho visto che presentate la struttura e le modalità per chiedere disponibilità.

Potrei aggiungere al sito un chatbot AI in abbonamento mensile per rispondere alle FAQ e raccogliere date, numero di ospiti e preferenze prima del ricontatto. Partirei da risposte approvate da voi, con passaggio al personale per i casi specifici.

È un aspetto che vorreste semplificare? Possiamo sentirci 10 minuti per capire come lo gestite oggi.

Tia Designs
https://tiadesigns.it"
"bluewings@bluewings.it";"";"Bluewings Tour Operator";"Bluewings Tour Operator - Chatbot AI per tour operator e viaggi";"Buongiorno,

sono il titolare di Tia Designs, a Mantova, e sviluppo siti e strumenti web su misura.

Ho visto che organizzate viaggi o esperienze e ricevete richieste di preventivo.

Potrei aggiungere al sito un chatbot AI in abbonamento mensile per raccogliere destinazione, periodo, partecipanti e tipo di esperienza per il primo preventivo. Partirei da risposte approvate da voi, con passaggio al personale per i casi specifici.

È un aspetto che vorreste semplificare? Possiamo sentirci 10 minuti per capire come lo gestite oggi.

Tia Designs
https://tiadesigns.it"
"info@qualitygroup.it";"";"Quality Group - Contatti";"Quality Group - Contatti - Chatbot AI per tour operator e viaggi";"Buongiorno,

sono il titolare di Tia Designs, a Mantova, e sviluppo siti e strumenti web su misura.

Ho visto che organizzate viaggi o esperienze e ricevete richieste di preventivo.

Potrei aggiungere al sito un chatbot AI in abbonamento mensile per raccogliere destinazione, periodo, partecipanti e tipo di esperienza per il primo preventivo. Partirei da risposte approvate da voi, con passaggio al personale per i casi specifici.

È un aspetto che vorreste semplificare? Possiamo sentirci 10 minuti per capire come lo gestite oggi.

Tia Designs
https://tiadesigns.it"
"info@cumatravel.com";"";"aci - Cuma Travel";"aci - Cuma Travel - Chatbot AI per tour operator e viaggi";"Buongiorno,

sono il titolare di Tia Designs, a Mantova, e sviluppo siti e strumenti web su misura.

Ho visto che organizzate viaggi o esperienze e ricevete richieste di preventivo.

Potrei aggiungere al sito un chatbot AI in abbonamento mensile per raccogliere destinazione, periodo, partecipanti e tipo di esperienza per il primo preventivo. Partirei da risposte approvate da voi, con passaggio al personale per i casi specifici.

È un aspetto che vorreste semplificare? Possiamo sentirci 10 minuti per capire come lo gestite oggi.

Tia Designs
https://tiadesigns.it"
"commerciale@malanviaggi.it";"";"Malan Tour Operator";"Malan Tour Operator - Chatbot AI per tour operator e viaggi";"Buongiorno,

sono il titolare di Tia Designs, a Mantova, e sviluppo siti e strumenti web su misura.

Ho visto che organizzate viaggi o esperienze e ricevete richieste di preventivo.

Potrei aggiungere al sito un chatbot AI in abbonamento mensile per raccogliere destinazione, periodo, partecipanti e tipo di esperienza per il primo preventivo. Partirei da risposte approvate da voi, con passaggio al personale per i casi specifici.

È un aspetto che vorreste semplificare? Possiamo sentirci 10 minuti per capire come lo gestite oggi.

Tia Designs
https://tiadesigns.it"
"info@eliostours.it";"";"Elios Tours";"Elios Tours - Chatbot AI per tour operator e viaggi";"Buongiorno,

sono il titolare di Tia Designs, a Mantova, e sviluppo siti e strumenti web su misura.

Ho visto che organizzate viaggi o esperienze e ricevete richieste di preventivo.

Potrei aggiungere al sito un chatbot AI in abbonamento mensile per raccogliere destinazione, periodo, partecipanti e tipo di esperienza per il primo preventivo. Partirei da risposte approvate da voi, con passaggio al personale per i casi specifici.

È un aspetto che vorreste semplificare? Possiamo sentirci 10 minuti per capire come lo gestite oggi.

Tia Designs
https://tiadesigns.it"
"turismo@pianetagaia.it";"";"Pianeta Gaia";"Pianeta Gaia - Chatbot AI per tour operator e viaggi";"Buongiorno,

sono il titolare di Tia Designs, a Mantova, e sviluppo siti e strumenti web su misura.

Ho visto che organizzate viaggi o esperienze e ricevete richieste di preventivo.

Potrei aggiungere al sito un chatbot AI in abbonamento mensile per raccogliere destinazione, periodo, partecipanti e tipo di esperienza per il primo preventivo. Partirei da risposte approvate da voi, con passaggio al personale per i casi specifici.

È un aspetto che vorreste semplificare? Possiamo sentirci 10 minuti per capire come lo gestite oggi.

Tia Designs
https://tiadesigns.it"
"info@venetours.it";"";"venetours - benvenuti nel mio sito internet";"venetours - benvenuti nel mio sito internet - Chatbot AI per tour operator e viaggi";"Buongiorno,

sono il titolare di Tia Designs, a Mantova, e sviluppo siti e strumenti web su misura.

Ho visto che organizzate viaggi o esperienze e ricevete richieste di preventivo.

Potrei aggiungere al sito un chatbot AI in abbonamento mensile per raccogliere destinazione, periodo, partecipanti e tipo di esperienza per il primo preventivo. Partirei da risposte approvate da voi, con passaggio al personale per i casi specifici.

È un aspetto che vorreste semplificare? Possiamo sentirci 10 minuti per capire come lo gestite oggi.

Tia Designs
https://tiadesigns.it"
"info@faggianoviaggi.it";"";"Faggiano Viaggi via di Leuca, 9 Lecce";"Faggiano Viaggi via di Leuca, 9 Lecce - Chatbot AI per tour operator e viaggi";"Buongiorno,

sono il titolare di Tia Designs, a Mantova, e sviluppo siti e strumenti web su misura.

Ho visto che organizzate viaggi o esperienze e ricevete richieste di preventivo.

Potrei aggiungere al sito un chatbot AI in abbonamento mensile per raccogliere destinazione, periodo, partecipanti e tipo di esperienza per il primo preventivo. Partirei da risposte approvate da voi, con passaggio al personale per i casi specifici.

È un aspetto che vorreste semplificare? Possiamo sentirci 10 minuti per capire come lo gestite oggi.

Tia Designs
https://tiadesigns.it"
"info@milanocaravan.it";"";"Centro Milano Caravan: Vendita Sunlight, Challenger, Caravelair, LMC e noleggio camper a Seregno - M";"Centro Milano Caravan: Vendita Sunlight, Challenger, Caravelair, LMC e noleggio camper a Seregno - M - Chatbot AI per noleggio camper";"Buongiorno,

sono il titolare di Tia Designs, a Mantova, e sviluppo siti e strumenti web su misura.

Ho visto che presentate il noleggio camper e un canale per le richieste.

Potrei aggiungere al sito un chatbot AI in abbonamento mensile per raccogliere periodo, equipaggio e preferenze sul mezzo per una prima richiesta ordinata. Partirei da risposte approvate da voi, con passaggio al personale per i casi specifici.

È un aspetto che vorreste semplificare? Possiamo sentirci 10 minuti per capire come lo gestite oggi.

Tia Designs
https://tiadesigns.it"
"autovendita@live.it";"";"SD AUTO";"SD AUTO - Chatbot AI per autoscuola";"Buongiorno,

sono il titolare di Tia Designs, a Mantova, e sviluppo siti e strumenti web su misura.

Ho visto che presentate servizi di autoscuola e richieste legate a patenti o pratiche.

Potrei aggiungere al sito un chatbot AI in abbonamento mensile per rispondere alle domande su sedi, servizi e orari e raccogliere una richiesta di ricontatto per la segreteria. Partirei da risposte approvate da voi, con passaggio al personale per i casi specifici.

È un aspetto che vorreste semplificare? Possiamo sentirci 10 minuti per capire come lo gestite oggi.

Tia Designs
https://tiadesigns.it"
"noleggio@iveco-orecchia.it";"";"Team Iveco Orecchia NOLEGGIO - Iveco Orecchia";"Team Iveco Orecchia NOLEGGIO - Iveco Orecchia - Modulo richieste per servizi e componenti industriali";"Buongiorno,

sono il titolare di Tia Designs, a Mantova, e sviluppo siti e strumenti web su misura.

Ho visto che presentate prodotti o lavorazioni industriali e un canale per i preventivi.

Potrei sviluppare un modulo guidato per raccogliere specifiche, quantità, tempi e allegati tecnici per il preventivo. L'obiettivo sarebbe ricevere informazioni più complete già al primo contatto.

È un aspetto che vorreste semplificare? Possiamo sentirci 10 minuti per capire come lo gestite oggi.

Tia Designs
https://tiadesigns.it"
"cagliari@noleggiora.it";"";"Noleggio Auto Sardegna | Noleggiora il Noleggio auto in Sardegna";"Noleggio Auto Sardegna | Noleggiora il Noleggio auto in Sardegna - Modulo richieste per noleggio attrezzature";"Buongiorno,

sono il titolare di Tia Designs, a Mantova, e sviluppo siti e strumenti web su misura.

Ho visto che presentate attrezzature a noleggio e richieste per i clienti.

Potrei sviluppare un modulo guidato per raccogliere attrezzatura, periodo, luogo d’impiego e descrizione del lavoro. L'obiettivo sarebbe ricevere informazioni più complete già al primo contatto.

È un aspetto che vorreste semplificare? Possiamo sentirci 10 minuti per capire come lo gestite oggi.

Tia Designs
https://tiadesigns.it"
"autonoleggi@preda.it";"";"Noleggio Camper a Bergamo e Milano | Autonoleggi Preda";"Noleggio Camper a Bergamo e Milano | Autonoleggi Preda - Chatbot AI per noleggio camper";"Buongiorno,

sono il titolare di Tia Designs, a Mantova, e sviluppo siti e strumenti web su misura.

Ho visto che presentate il noleggio camper e un canale per le richieste.

Potrei aggiungere al sito un chatbot AI in abbonamento mensile per raccogliere periodo, equipaggio e preferenze sul mezzo per una prima richiesta ordinata. Partirei da risposte approvate da voi, con passaggio al personale per i casi specifici.

È un aspetto che vorreste semplificare? Possiamo sentirci 10 minuti per capire come lo gestite oggi.

Tia Designs
https://tiadesigns.it"
"commerciale@noleggiamoauto.it";"";"Noleggiamoauto";"Noleggiamoauto - Modulo richieste per spazi per eventi";"Buongiorno,

sono il titolare di Tia Designs, a Mantova, e sviluppo siti e strumenti web su misura.

Ho visto che presentate spazi e servizi per eventi e richieste di disponibilità.

Potrei sviluppare un modulo guidato per raccogliere data, tipo di evento, partecipanti e servizi richiesti per la verifica. L'obiettivo sarebbe ricevere informazioni più complete già al primo contatto.

È un aspetto che vorreste semplificare? Possiamo sentirci 10 minuti per capire come lo gestite oggi.

Tia Designs
https://tiadesigns.it"
"revisione@gdpservicebari.com";"";"GDP Service Bari";"GDP Service Bari - Modulo richieste per servizi e componenti industriali";"Buongiorno,

sono il titolare di Tia Designs, a Mantova, e sviluppo siti e strumenti web su misura.

Ho visto che presentate prodotti o lavorazioni industriali e un canale per i preventivi.

Potrei sviluppare un modulo guidato per raccogliere specifiche, quantità, tempi e allegati tecnici per il preventivo. L'obiettivo sarebbe ricevere informazioni più complete già al primo contatto.

È un aspetto che vorreste semplificare? Possiamo sentirci 10 minuti per capire come lo gestite oggi.

Tia Designs
https://tiadesigns.it"
"info@metrocarbari.it";"";"aci - Metrocar Bari";"aci - Metrocar Bari - Modulo richieste per servizi auto";"Buongiorno,

sono il titolare di Tia Designs, a Mantova, e sviluppo siti e strumenti web su misura.

Ho visto che ricevete richieste per assistenza, revisioni o interventi sui veicoli.

Potrei sviluppare un modulo guidato per raccogliere tipo di intervento, veicolo, disponibilità e allegati prima del ricontatto. L'obiettivo sarebbe ricevere informazioni più complete già al primo contatto.

È un aspetto che vorreste semplificare? Possiamo sentirci 10 minuti per capire come lo gestite oggi.

Tia Designs
https://tiadesigns.it"
"centrorevisionicapurso@gmail.com";"";"Centro Revisioni MT Capurso (BA) | Revisioni Auto, Moto e Veicoli";"Centro Revisioni MT Capurso (BA) | Revisioni Auto, Moto e Veicoli - Chatbot AI per noleggio camper";"Buongiorno,

sono il titolare di Tia Designs, a Mantova, e sviluppo siti e strumenti web su misura.

Ho visto che presentate il noleggio camper e un canale per le richieste.

Potrei aggiungere al sito un chatbot AI in abbonamento mensile per raccogliere periodo, equipaggio e preferenze sul mezzo per una prima richiesta ordinata. Partirei da risposte approvate da voi, con passaggio al personale per i casi specifici.

È un aspetto che vorreste semplificare? Possiamo sentirci 10 minuti per capire come lo gestite oggi.

Tia Designs
https://tiadesigns.it"
"minotamma@libero.it";"";"Revisione auto e moto - Bari - Cosimo Tamma";"Revisione auto e moto - Bari - Cosimo Tamma - Modulo richieste per servizi e componenti industriali";"Buongiorno,

sono il titolare di Tia Designs, a Mantova, e sviluppo siti e strumenti web su misura.

Ho visto che presentate prodotti o lavorazioni industriali e un canale per i preventivi.

Potrei sviluppare un modulo guidato per raccogliere specifiche, quantità, tempi e allegati tecnici per il preventivo. L'obiettivo sarebbe ricevere informazioni più complete già al primo contatto.

È un aspetto che vorreste semplificare? Possiamo sentirci 10 minuti per capire come lo gestite oggi.

Tia Designs
https://tiadesigns.it"
"info@romanocarservice.com";"";"Carrozzeria Auto Napoli - Romano Car Service";"Carrozzeria Auto Napoli - Romano Car Service - Modulo richieste per servizi e componenti industriali";"Buongiorno,

sono il titolare di Tia Designs, a Mantova, e sviluppo siti e strumenti web su misura.

Ho visto che presentate prodotti o lavorazioni industriali e un canale per i preventivi.

Potrei sviluppare un modulo guidato per raccogliere specifiche, quantità, tempi e allegati tecnici per il preventivo. L'obiettivo sarebbe ricevere informazioni più complete già al primo contatto.

È un aspetto che vorreste semplificare? Possiamo sentirci 10 minuti per capire come lo gestite oggi.

Tia Designs
https://tiadesigns.it"
"car.top@tiscali.it";"";"officina e carrozzeria Cagliari - Car. Mec. Carrozzeria Meccanica";"officina e carrozzeria Cagliari - Car. Mec. Carrozzeria Meccanica - Chatbot AI per servizi per animali";"Buongiorno,

sono il titolare di Tia Designs, a Mantova, e sviluppo siti e strumenti web su misura.

Ho visto che offrite servizi per animali e ricevete richieste di contatto.

Potrei aggiungere al sito un chatbot AI in abbonamento mensile per rispondere alle domande organizzative e raccogliere servizio, periodo e recapito. Partirei da risposte approvate da voi, con passaggio al personale per i casi specifici.

È un aspetto che vorreste semplificare? Possiamo sentirci 10 minuti per capire come lo gestite oggi.

Tia Designs
https://tiadesigns.it"
"info@carmaxcagliari.com";"";"vieni a trovarci a Cagliari | Car Max Cagliari";"vieni a trovarci a Cagliari | Car Max Cagliari - Modulo richieste per servizi e componenti industriali";"Buongiorno,

sono il titolare di Tia Designs, a Mantova, e sviluppo siti e strumenti web su misura.

Ho visto che presentate prodotti o lavorazioni industriali e un canale per i preventivi.

Potrei sviluppare un modulo guidato per raccogliere specifiche, quantità, tempi e allegati tecnici per il preventivo. L'obiettivo sarebbe ricevere informazioni più complete già al primo contatto.

È un aspetto che vorreste semplificare? Possiamo sentirci 10 minuti per capire come lo gestite oggi.

Tia Designs
https://tiadesigns.it"
"info@sacagroup.it";"";"Carrozzeria - Saca Group";"Carrozzeria - Saca Group - Modulo richieste per spazi per eventi";"Buongiorno,

sono il titolare di Tia Designs, a Mantova, e sviluppo siti e strumenti web su misura.

Ho visto che presentate spazi e servizi per eventi e richieste di disponibilità.

Potrei sviluppare un modulo guidato per raccogliere data, tipo di evento, partecipanti e servizi richiesti per la verifica. L'obiettivo sarebbe ricevere informazioni più complete già al primo contatto.

È un aspetto che vorreste semplificare? Possiamo sentirci 10 minuti per capire come lo gestite oggi.

Tia Designs
https://tiadesigns.it"
"info@sainas.it";"";"Officina Meccanica Franco Sainas & C. s.a.s.";"Officina Meccanica Franco Sainas & C. s.a.s. - Chatbot AI per servizi per animali";"Buongiorno,

sono il titolare di Tia Designs, a Mantova, e sviluppo siti e strumenti web su misura.

Ho visto che offrite servizi per animali e ricevete richieste di contatto.

Potrei aggiungere al sito un chatbot AI in abbonamento mensile per rispondere alle domande organizzative e raccogliere servizio, periodo e recapito. Partirei da risposte approvate da voi, con passaggio al personale per i casi specifici.

È un aspetto che vorreste semplificare? Possiamo sentirci 10 minuti per capire come lo gestite oggi.

Tia Designs
https://tiadesigns.it"
"mctcba13-scavovito@libero.it";"";"Centro revisioni veicoli Officina scavo vitantonio - Bari | Revisionionline";"Centro revisioni veicoli Officina scavo vitantonio - Bari | Revisionionline - Modulo richieste per servizi e componenti industriali";"Buongiorno,

sono il titolare di Tia Designs, a Mantova, e sviluppo siti e strumenti web su misura.

Ho visto che presentate prodotti o lavorazioni industriali e un canale per i preventivi.

Potrei sviluppare un modulo guidato per raccogliere specifiche, quantità, tempi e allegati tecnici per il preventivo. L'obiettivo sarebbe ricevere informazioni più complete già al primo contatto.

È un aspetto che vorreste semplificare? Possiamo sentirci 10 minuti per capire come lo gestite oggi.

Tia Designs
https://tiadesigns.it"
"performare@immaginazioneelavoro.it";"";"Sedi - Immaginazione e Lavoro - Orari, contatti e indirizzi";"Sedi - Immaginazione e Lavoro - Orari, contatti e indirizzi - Automazione richieste per formazione professionale";"Buongiorno,

sono il titolare di Tia Designs, a Mantova, e sviluppo siti e strumenti web su misura.

Ho visto che presentate corsi e percorsi di formazione con richieste di informazioni.

Potrei sviluppare una piccola automazione per organizzare le richieste per corso, sede, obiettivo e prossimo ricontatto. Prima verificherei gli strumenti che usate già, per definire un intervento circoscritto.

È un aspetto che vorreste semplificare? Possiamo sentirci 10 minuti per capire come lo gestite oggi.

Tia Designs
https://tiadesigns.it"
"agenzia.formativa@tuttoeuropa.it";"";"Agenzia Formativa tuttoEUROPA";"Agenzia Formativa tuttoEUROPA - Automazione richieste per formazione professionale";"Buongiorno,

sono il titolare di Tia Designs, a Mantova, e sviluppo siti e strumenti web su misura.

Ho visto che presentate corsi e percorsi di formazione con richieste di informazioni.

Potrei sviluppare una piccola automazione per organizzare le richieste per corso, sede, obiettivo e prossimo ricontatto. Prima verificherei gli strumenti che usate già, per definire un intervento circoscritto.

È un aspetto che vorreste semplificare? Possiamo sentirci 10 minuti per capire come lo gestite oggi.

Tia Designs
https://tiadesigns.it"
"info.impresapulizietorino@gmail.com";"";"Impresa di pulizia a Torino";"Impresa di pulizia a Torino - Modulo richieste per pulizie e facility";"Buongiorno,

sono il titolare di Tia Designs, a Mantova, e sviluppo siti e strumenti web su misura.

Ho visto che offrite servizi di pulizia o facility per attività e strutture.

Potrei sviluppare un modulo guidato per raccogliere tipologia di struttura, frequenza e volumi indicativi per la proposta. L'obiettivo sarebbe ricevere informazioni più complete già al primo contatto.

È un aspetto che vorreste semplificare? Possiamo sentirci 10 minuti per capire come lo gestite oggi.

Tia Designs
https://tiadesigns.it"
"info@upgradingservices.it";"";"Upgrading Services Spa";"Upgrading Services Spa - Modulo richieste per pulizie e facility";"Buongiorno,

sono il titolare di Tia Designs, a Mantova, e sviluppo siti e strumenti web su misura.

Ho visto che offrite servizi di pulizia o facility per attività e strutture.

Potrei sviluppare un modulo guidato per raccogliere tipologia di struttura, frequenza e volumi indicativi per la proposta. L'obiettivo sarebbe ricevere informazioni più complete già al primo contatto.

È un aspetto che vorreste semplificare? Possiamo sentirci 10 minuti per capire come lo gestite oggi.

Tia Designs
https://tiadesigns.it"
"info@lapulisan.it";"";"di Global Service e Integrated Facility Management - La Pulisan Srl";"di Global Service e Integrated Facility Management - La Pulisan Srl - Modulo richieste per pulizie e facility";"Buongiorno,

sono il titolare di Tia Designs, a Mantova, e sviluppo siti e strumenti web su misura.

Ho visto che offrite servizi di pulizia o facility per attività e strutture.

Potrei sviluppare un modulo guidato per raccogliere tipologia di struttura, frequenza e volumi indicativi per la proposta. L'obiettivo sarebbe ricevere informazioni più complete già al primo contatto.

È un aspetto che vorreste semplificare? Possiamo sentirci 10 minuti per capire come lo gestite oggi.

Tia Designs
https://tiadesigns.it"
"commerciale@mecbarisrl.it";"";"Manutenzione impianti industriali e facility management";"Manutenzione impianti industriali e facility management - Modulo richieste per pulizie e facility";"Buongiorno,

sono il titolare di Tia Designs, a Mantova, e sviluppo siti e strumenti web su misura.

Ho visto che offrite servizi di pulizia o facility per attività e strutture.

Potrei sviluppare un modulo guidato per raccogliere tipologia di struttura, frequenza e volumi indicativi per la proposta. L'obiettivo sarebbe ricevere informazioni più complete già al primo contatto.

È un aspetto che vorreste semplificare? Possiamo sentirci 10 minuti per capire come lo gestite oggi.

Tia Designs
https://tiadesigns.it"
"info@foscompany.it";"";"Fos Company - FosCompany";"Fos Company - FosCompany - Chatbot AI per struttura ricettiva";"Buongiorno,

sono il titolare di Tia Designs, a Mantova, e sviluppo siti e strumenti web su misura.

Ho visto che presentate la struttura e le modalità per chiedere disponibilità.

Potrei aggiungere al sito un chatbot AI in abbonamento mensile per rispondere alle FAQ e raccogliere date, numero di ospiti e preferenze prima del ricontatto. Partirei da risposte approvate da voi, con passaggio al personale per i casi specifici.

È un aspetto che vorreste semplificare? Possiamo sentirci 10 minuti per capire come lo gestite oggi.

Tia Designs
https://tiadesigns.it"
"info@quadrasoluzioni.com";"";"Azienda Specializzata Impresa di Pulizie a Torino | Quadra Soluzioni Srl";"Azienda Specializzata Impresa di Pulizie a Torino | Quadra Soluzioni Srl - Modulo richieste per pulizie e facility";"Buongiorno,

sono il titolare di Tia Designs, a Mantova, e sviluppo siti e strumenti web su misura.

Ho visto che offrite servizi di pulizia o facility per attività e strutture.

Potrei sviluppare un modulo guidato per raccogliere tipologia di struttura, frequenza e volumi indicativi per la proposta. L'obiettivo sarebbe ricevere informazioni più complete già al primo contatto.

È un aspetto che vorreste semplificare? Possiamo sentirci 10 minuti per capire come lo gestite oggi.

Tia Designs
https://tiadesigns.it"
"info@worldservicesrls.it";"";"Impresa Pulizie Torino";"Impresa Pulizie Torino - Modulo richieste per pulizie e facility";"Buongiorno,

sono il titolare di Tia Designs, a Mantova, e sviluppo siti e strumenti web su misura.

Ho visto che offrite servizi di pulizia o facility per attività e strutture.

Potrei sviluppare un modulo guidato per raccogliere tipologia di struttura, frequenza e volumi indicativi per la proposta. L'obiettivo sarebbe ricevere informazioni più complete già al primo contatto.

È un aspetto che vorreste semplificare? Possiamo sentirci 10 minuti per capire come lo gestite oggi.

Tia Designs
https://tiadesigns.it"
"pulitecnica@pulitecnica.net";"";"Richiedi Preventivo Gratuito Pulizie Torino | Pulitecnica";"Richiedi Preventivo Gratuito Pulizie Torino | Pulitecnica - Modulo richieste per pulizie e facility";"Buongiorno,

sono il titolare di Tia Designs, a Mantova, e sviluppo siti e strumenti web su misura.

Ho visto che offrite servizi di pulizia o facility per attività e strutture.

Potrei sviluppare un modulo guidato per raccogliere tipologia di struttura, frequenza e volumi indicativi per la proposta. L'obiettivo sarebbe ricevere informazioni più complete già al primo contatto.

È un aspetto che vorreste semplificare? Possiamo sentirci 10 minuti per capire come lo gestite oggi.

Tia Designs
https://tiadesigns.it"
"host@ampropertymanager.com";"";"am - property manager: gestione immobiliare semplice | AM - Property Manager";"am - property manager: gestione immobiliare semplice | AM - Property Manager - Automazione richieste per immobiliare";"Buongiorno,

sono il titolare di Tia Designs, a Mantova, e sviluppo siti e strumenti web su misura.

Ho visto che gestite immobili o locazioni e ricevete richieste dai clienti.

Potrei sviluppare una piccola automazione per organizzare le richieste per immobile, zona, esigenza e prossimo ricontatto. Prima verificherei gli strumenti che usate già, per definire un intervento circoscritto.

È un aspetto che vorreste semplificare? Possiamo sentirci 10 minuti per capire come lo gestite oggi.

Tia Designs
https://tiadesigns.it"
"affittibrevi@consultingid.it";"";"Palermo Rent Flat - Agenzia di gestione affitti brevi - Palermo";"Palermo Rent Flat - Agenzia di gestione affitti brevi - Palermo - Chatbot AI per tour operator e viaggi";"Buongiorno,

sono il titolare di Tia Designs, a Mantova, e sviluppo siti e strumenti web su misura.

Ho visto che organizzate viaggi o esperienze e ricevete richieste di preventivo.

Potrei aggiungere al sito un chatbot AI in abbonamento mensile per raccogliere destinazione, periodo, partecipanti e tipo di esperienza per il primo preventivo. Partirei da risposte approvate da voi, con passaggio al personale per i casi specifici.

È un aspetto che vorreste semplificare? Possiamo sentirci 10 minuti per capire come lo gestite oggi.

Tia Designs
https://tiadesigns.it"
"baravellistudio@gmail.com";"";"Studio - Studiobaravelli";"Studio - Studiobaravelli - Automazione richieste per immobiliare";"Buongiorno,

sono il titolare di Tia Designs, a Mantova, e sviluppo siti e strumenti web su misura.

Ho visto che gestite immobili o locazioni e ricevete richieste dai clienti.

Potrei sviluppare una piccola automazione per organizzare le richieste per immobile, zona, esigenza e prossimo ricontatto. Prima verificherei gli strumenti che usate già, per definire un intervento circoscritto.

È un aspetto che vorreste semplificare? Possiamo sentirci 10 minuti per capire come lo gestite oggi.

Tia Designs
https://tiadesigns.it"
"iolandabusetta.80@libero.it";"";"Gestione affitti brevi a Palermo | Iolanda Busetta";"Gestione affitti brevi a Palermo | Iolanda Busetta - Automazione richieste per immobiliare";"Buongiorno,

sono il titolare di Tia Designs, a Mantova, e sviluppo siti e strumenti web su misura.

Ho visto che gestite immobili o locazioni e ricevete richieste dai clienti.

Potrei sviluppare una piccola automazione per organizzare le richieste per immobile, zona, esigenza e prossimo ricontatto. Prima verificherei gli strumenti che usate già, per definire un intervento circoscritto.

È un aspetto che vorreste semplificare? Possiamo sentirci 10 minuti per capire come lo gestite oggi.

Tia Designs
https://tiadesigns.it"
"firenze@grupposeitoscana.it";"";"Gruppo SEI";"Gruppo SEI - Automazione richieste per immobiliare";"Buongiorno,

sono il titolare di Tia Designs, a Mantova, e sviluppo siti e strumenti web su misura.

Ho visto che gestite immobili o locazioni e ricevete richieste dai clienti.

Potrei sviluppare una piccola automazione per organizzare le richieste per immobile, zona, esigenza e prossimo ricontatto. Prima verificherei gli strumenti che usate già, per definire un intervento circoscritto.

È un aspetto che vorreste semplificare? Possiamo sentirci 10 minuti per capire come lo gestite oggi.

Tia Designs
https://tiadesigns.it"
"info@milanomacchine.it";"";"Milano Macchine";"Milano Macchine - Modulo richieste per servizi e componenti industriali";"Buongiorno,

sono il titolare di Tia Designs, a Mantova, e sviluppo siti e strumenti web su misura.

Ho visto che presentate prodotti o lavorazioni industriali e un canale per i preventivi.

Potrei sviluppare un modulo guidato per raccogliere specifiche, quantità, tempi e allegati tecnici per il preventivo. L'obiettivo sarebbe ricevere informazioni più complete già al primo contatto.

È un aspetto che vorreste semplificare? Possiamo sentirci 10 minuti per capire come lo gestite oggi.

Tia Designs
https://tiadesigns.it"
"c.s.srl.susini@gmail.com";"";"C.S. SRL";"C.S. SRL - Chatbot AI per servizi per animali";"Buongiorno,

sono il titolare di Tia Designs, a Mantova, e sviluppo siti e strumenti web su misura.

Ho visto che offrite servizi per animali e ricevete richieste di contatto.

Potrei aggiungere al sito un chatbot AI in abbonamento mensile per rispondere alle domande organizzative e raccogliere servizio, periodo e recapito. Partirei da risposte approvate da voi, con passaggio al personale per i casi specifici.

È un aspetto che vorreste semplificare? Possiamo sentirci 10 minuti per capire come lo gestite oggi.

Tia Designs
https://tiadesigns.it"
"info@officinemecar.com";"";"Me.Car Bari: azienda di costruzioni meccaniche";"Me.Car Bari: azienda di costruzioni meccaniche - Chatbot AI per servizi per animali";"Buongiorno,

sono il titolare di Tia Designs, a Mantova, e sviluppo siti e strumenti web su misura.

Ho visto che offrite servizi per animali e ricevete richieste di contatto.

Potrei aggiungere al sito un chatbot AI in abbonamento mensile per rispondere alle domande organizzative e raccogliere servizio, periodo e recapito. Partirei da risposte approvate da voi, con passaggio al personale per i casi specifici.

È un aspetto che vorreste semplificare? Possiamo sentirci 10 minuti per capire come lo gestite oggi.

Tia Designs
https://tiadesigns.it"
"omcf@omcf.it";"";"Lavorazione metalli a Firenze dal 1956 | OMCF S.r.l. | Benvenuti - Home";"Lavorazione metalli a Firenze dal 1956 | OMCF S.r.l. | Benvenuti - Home - Chatbot AI per servizi per animali";"Buongiorno,

sono il titolare di Tia Designs, a Mantova, e sviluppo siti e strumenti web su misura.

Ho visto che offrite servizi per animali e ricevete richieste di contatto.

Potrei aggiungere al sito un chatbot AI in abbonamento mensile per rispondere alle domande organizzative e raccogliere servizio, periodo e recapito. Partirei da risposte approvate da voi, con passaggio al personale per i casi specifici.

È un aspetto che vorreste semplificare? Possiamo sentirci 10 minuti per capire come lo gestite oggi.

Tia Designs
https://tiadesigns.it"
"info@hegsrl.it";"";"H.E.G. Srl – Produzione Particolari a Disegno";"H.E.G. Srl – Produzione Particolari a Disegno - Chatbot AI per servizi per animali";"Buongiorno,

sono il titolare di Tia Designs, a Mantova, e sviluppo siti e strumenti web su misura.

Ho visto che offrite servizi per animali e ricevete richieste di contatto.

Potrei aggiungere al sito un chatbot AI in abbonamento mensile per rispondere alle domande organizzative e raccogliere servizio, periodo e recapito. Partirei da risposte approvate da voi, con passaggio al personale per i casi specifici.

È un aspetto che vorreste semplificare? Possiamo sentirci 10 minuti per capire come lo gestite oggi.

Tia Designs
https://tiadesigns.it"
"info@imuspa.it";"";"International Macchine Utensili spa";"International Macchine Utensili spa - Chatbot AI per servizi per animali";"Buongiorno,

sono il titolare di Tia Designs, a Mantova, e sviluppo siti e strumenti web su misura.

Ho visto che offrite servizi per animali e ricevete richieste di contatto.

Potrei aggiungere al sito un chatbot AI in abbonamento mensile per rispondere alle domande organizzative e raccogliere servizio, periodo e recapito. Partirei da risposte approvate da voi, con passaggio al personale per i casi specifici.

È un aspetto che vorreste semplificare? Possiamo sentirci 10 minuti per capire come lo gestite oggi.

Tia Designs
https://tiadesigns.it"
"comec@comecfi.it";"";"Officina meccanica di precisione e montaggio - Comec";"Officina meccanica di precisione e montaggio - Comec - Chatbot AI per servizi per animali";"Buongiorno,

sono il titolare di Tia Designs, a Mantova, e sviluppo siti e strumenti web su misura.

Ho visto che offrite servizi per animali e ricevete richieste di contatto.

Potrei aggiungere al sito un chatbot AI in abbonamento mensile per rispondere alle domande organizzative e raccogliere servizio, periodo e recapito. Partirei da risposte approvate da voi, con passaggio al personale per i casi specifici.

È un aspetto che vorreste semplificare? Possiamo sentirci 10 minuti per capire come lo gestite oggi.

Tia Designs
https://tiadesigns.it"
"autofficinacosola@live.it";"";"Officina meccanica a Bari | Autofficina Cosola";"Officina meccanica a Bari | Autofficina Cosola - Chatbot AI per servizi per animali";"Buongiorno,

sono il titolare di Tia Designs, a Mantova, e sviluppo siti e strumenti web su misura.

Ho visto che offrite servizi per animali e ricevete richieste di contatto.

Potrei aggiungere al sito un chatbot AI in abbonamento mensile per rispondere alle domande organizzative e raccogliere servizio, periodo e recapito. Partirei da risposte approvate da voi, con passaggio al personale per i casi specifici.

È un aspetto che vorreste semplificare? Possiamo sentirci 10 minuti per capire come lo gestite oggi.

Tia Designs
https://tiadesigns.it"
"6552266info@tecnoalt.it";"";"Noleggio piattaforme aeree Roma Sede Legale | NOLOTECNICA";"Noleggio piattaforme aeree Roma Sede Legale | NOLOTECNICA - Modulo richieste per servizi e componenti industriali";"Buongiorno,

sono il titolare di Tia Designs, a Mantova, e sviluppo siti e strumenti web su misura.

Ho visto che presentate prodotti o lavorazioni industriali e un canale per i preventivi.

Potrei sviluppare un modulo guidato per raccogliere specifiche, quantità, tempi e allegati tecnici per il preventivo. L'obiettivo sarebbe ricevere informazioni più complete già al primo contatto.

È un aspetto che vorreste semplificare? Possiamo sentirci 10 minuti per capire come lo gestite oggi.

Tia Designs
https://tiadesigns.it"
"noleggio@nolital.it";"";"Nolital piattaforme Roma - nolital";"Nolital piattaforme Roma - nolital - Modulo richieste per noleggio attrezzature";"Buongiorno,

sono il titolare di Tia Designs, a Mantova, e sviluppo siti e strumenti web su misura.

Ho visto che presentate attrezzature a noleggio e richieste per i clienti.

Potrei sviluppare un modulo guidato per raccogliere attrezzatura, periodo, luogo d’impiego e descrizione del lavoro. L'obiettivo sarebbe ricevere informazioni più complete già al primo contatto.

È un aspetto che vorreste semplificare? Possiamo sentirci 10 minuti per capire come lo gestite oggi.

Tia Designs
https://tiadesigns.it"
"info@topnoleggio.it";"";"Soluzioni per noleggio di piattaforme a Roma | TOP Noleggio";"Soluzioni per noleggio di piattaforme a Roma | TOP Noleggio - Modulo richieste per noleggio attrezzature";"Buongiorno,

sono il titolare di Tia Designs, a Mantova, e sviluppo siti e strumenti web su misura.

Ho visto che presentate attrezzature a noleggio e richieste per i clienti.

Potrei sviluppare un modulo guidato per raccogliere attrezzatura, periodo, luogo d’impiego e descrizione del lavoro. L'obiettivo sarebbe ricevere informazioni più complete già al primo contatto.

È un aspetto che vorreste semplificare? Possiamo sentirci 10 minuti per capire come lo gestite oggi.

Tia Designs
https://tiadesigns.it"
"noleggi@newedilmat.it";"";"Noleggio piattaforme aeree Roma | BASSO Srl";"Noleggio piattaforme aeree Roma | BASSO Srl - Modulo richieste per servizi e componenti industriali";"Buongiorno,

sono il titolare di Tia Designs, a Mantova, e sviluppo siti e strumenti web su misura.

Ho visto che presentate prodotti o lavorazioni industriali e un canale per i preventivi.

Potrei sviluppare un modulo guidato per raccogliere specifiche, quantità, tempi e allegati tecnici per il preventivo. L'obiettivo sarebbe ricevere informazioni più complete già al primo contatto.

È un aspetto che vorreste semplificare? Possiamo sentirci 10 minuti per capire come lo gestite oggi.

Tia Designs
https://tiadesigns.it"
"romalift@romalift.com";"";"· Roma Lift SRL";"· Roma Lift SRL - Modulo richieste per servizi e componenti industriali";"Buongiorno,

sono il titolare di Tia Designs, a Mantova, e sviluppo siti e strumenti web su misura.

Ho visto che presentate prodotti o lavorazioni industriali e un canale per i preventivi.

Potrei sviluppare un modulo guidato per raccogliere specifiche, quantità, tempi e allegati tecnici per il preventivo. L'obiettivo sarebbe ricevere informazioni più complete già al primo contatto.

È un aspetto che vorreste semplificare? Possiamo sentirci 10 minuti per capire come lo gestite oggi.

Tia Designs
https://tiadesigns.it"
"info@evanolo.it";"";"Evanolo";"Evanolo - Modulo richieste per servizi e componenti industriali";"Buongiorno,

sono il titolare di Tia Designs, a Mantova, e sviluppo siti e strumenti web su misura.

Ho visto che presentate prodotti o lavorazioni industriali e un canale per i preventivi.

Potrei sviluppare un modulo guidato per raccogliere specifiche, quantità, tempi e allegati tecnici per il preventivo. L'obiettivo sarebbe ricevere informazioni più complete già al primo contatto.

È un aspetto che vorreste semplificare? Possiamo sentirci 10 minuti per capire come lo gestite oggi.

Tia Designs
https://tiadesigns.it"
"info@empharma.it";"";"EM Pharma";"EM Pharma - Modulo richieste per servizi e componenti industriali";"Buongiorno,

sono il titolare di Tia Designs, a Mantova, e sviluppo siti e strumenti web su misura.

Ho visto che presentate prodotti o lavorazioni industriali e un canale per i preventivi.

Potrei sviluppare un modulo guidato per raccogliere specifiche, quantità, tempi e allegati tecnici per il preventivo. L'obiettivo sarebbe ricevere informazioni più complete già al primo contatto.

È un aspetto che vorreste semplificare? Possiamo sentirci 10 minuti per capire come lo gestite oggi.

Tia Designs
https://tiadesigns.it"
"torino@noleggiando.com";"";"aci – Noleggiando";"aci – Noleggiando - Modulo richieste per noleggio attrezzature";"Buongiorno,

sono il titolare di Tia Designs, a Mantova, e sviluppo siti e strumenti web su misura.

Ho visto che presentate attrezzature a noleggio e richieste per i clienti.

Potrei sviluppare un modulo guidato per raccogliere attrezzatura, periodo, luogo d’impiego e descrizione del lavoro. L'obiettivo sarebbe ricevere informazioni più complete già al primo contatto.

È un aspetto che vorreste semplificare? Possiamo sentirci 10 minuti per capire come lo gestite oggi.

Tia Designs
https://tiadesigns.it"
"info@alsoleresort.com";"";"Al Sole Resort";"Al Sole Resort - Modulo richieste per spazi per eventi";"Buongiorno,

sono il titolare di Tia Designs, a Mantova, e sviluppo siti e strumenti web su misura.

Ho visto che presentate spazi e servizi per eventi e richieste di disponibilità.

Potrei sviluppare un modulo guidato per raccogliere data, tipo di evento, partecipanti e servizi richiesti per la verifica. L'obiettivo sarebbe ricevere informazioni più complete già al primo contatto.

È un aspetto che vorreste semplificare? Possiamo sentirci 10 minuti per capire come lo gestite oggi.

Tia Designs
https://tiadesigns.it"
"events.verdura@roccofortehotels.com";"";"Location di Lusso per Matrimonio in Sicilia | Verdura Resort";"Location di Lusso per Matrimonio in Sicilia | Verdura Resort - Chatbot AI per struttura ricettiva";"Buongiorno,

sono il titolare di Tia Designs, a Mantova, e sviluppo siti e strumenti web su misura.

Ho visto che presentate la struttura e le modalità per chiedere disponibilità.

Potrei aggiungere al sito un chatbot AI in abbonamento mensile per rispondere alle FAQ e raccogliere date, numero di ospiti e preferenze prima del ricontatto. Partirei da risposte approvate da voi, con passaggio al personale per i casi specifici.

È un aspetto che vorreste semplificare? Possiamo sentirci 10 minuti per capire come lo gestite oggi.

Tia Designs
https://tiadesigns.it"
"baronejonnyricevimenti@email.it";"";"aci - Location Matrimoni a Palermo";"aci - Location Matrimoni a Palermo - Modulo richieste per spazi per eventi";"Buongiorno,

sono il titolare di Tia Designs, a Mantova, e sviluppo siti e strumenti web su misura.

Ho visto che presentate spazi e servizi per eventi e richieste di disponibilità.

Potrei sviluppare un modulo guidato per raccogliere data, tipo di evento, partecipanti e servizi richiesti per la verifica. L'obiettivo sarebbe ricevere informazioni più complete già al primo contatto.

È un aspetto che vorreste semplificare? Possiamo sentirci 10 minuti per capire come lo gestite oggi.

Tia Designs
https://tiadesigns.it"
"info@casalesanleonardo.com";"";"Casale San Leonardo | Location Matrimoni in Sicilia e Palermo";"Casale San Leonardo | Location Matrimoni in Sicilia e Palermo - Modulo richieste per spazi per eventi";"Buongiorno,

sono il titolare di Tia Designs, a Mantova, e sviluppo siti e strumenti web su misura.

Ho visto che presentate spazi e servizi per eventi e richieste di disponibilità.

Potrei sviluppare un modulo guidato per raccogliere data, tipo di evento, partecipanti e servizi richiesti per la verifica. L'obiettivo sarebbe ricevere informazioni più complete già al primo contatto.

È un aspetto che vorreste semplificare? Possiamo sentirci 10 minuti per capire come lo gestite oggi.

Tia Designs
https://tiadesigns.it"
"info@salaenotria.it";"";"Ricevimenti Enotria Turi l'emozione in un dettaglio - Sala Ricevimenti in provincia di Bari - Puglia";"Ricevimenti Enotria Turi l'emozione in un dettaglio - Sala Ricevimenti in provincia di Bari - Puglia - Modulo richieste per spazi per eventi";"Buongiorno,

sono il titolare di Tia Designs, a Mantova, e sviluppo siti e strumenti web su misura.

Ho visto che presentate spazi e servizi per eventi e richieste di disponibilità.

Potrei sviluppare un modulo guidato per raccogliere data, tipo di evento, partecipanti e servizi richiesti per la verifica. L'obiettivo sarebbe ricevere informazioni più complete già al primo contatto.

È un aspetto che vorreste semplificare? Possiamo sentirci 10 minuti per capire come lo gestite oggi.

Tia Designs
https://tiadesigns.it"
"villainfinito@libero.it";"";"VILLA INFINITO EVENTI";"VILLA INFINITO EVENTI - Modulo richieste per spazi per eventi";"Buongiorno,

sono il titolare di Tia Designs, a Mantova, e sviluppo siti e strumenti web su misura.

Ho visto che presentate spazi e servizi per eventi e richieste di disponibilità.

Potrei sviluppare un modulo guidato per raccogliere data, tipo di evento, partecipanti e servizi richiesti per la verifica. L'obiettivo sarebbe ricevere informazioni più complete già al primo contatto.

È un aspetto che vorreste semplificare? Possiamo sentirci 10 minuti per capire come lo gestite oggi.

Tia Designs
https://tiadesigns.it"
"info@villagarbo.it";"";"Location Eventi Taormina | Villa Garbo sul Mare";"Location Eventi Taormina | Villa Garbo sul Mare - Modulo richieste per spazi per eventi";"Buongiorno,

sono il titolare di Tia Designs, a Mantova, e sviluppo siti e strumenti web su misura.

Ho visto che presentate spazi e servizi per eventi e richieste di disponibilità.

Potrei sviluppare un modulo guidato per raccogliere data, tipo di evento, partecipanti e servizi richiesti per la verifica. L'obiettivo sarebbe ricevere informazioni più complete già al primo contatto.

È un aspetto che vorreste semplificare? Possiamo sentirci 10 minuti per capire come lo gestite oggi.

Tia Designs
https://tiadesigns.it"
"info@lacavallerizza.it";"";"Sala ricevimenti Bari | Resort La Cavallerizza";"Sala ricevimenti Bari | Resort La Cavallerizza - Modulo richieste per spazi per eventi";"Buongiorno,

sono il titolare di Tia Designs, a Mantova, e sviluppo siti e strumenti web su misura.

Ho visto che presentate spazi e servizi per eventi e richieste di disponibilità.

Potrei sviluppare un modulo guidato per raccogliere data, tipo di evento, partecipanti e servizi richiesti per la verifica. L'obiettivo sarebbe ricevere informazioni più complete già al primo contatto.

È un aspetto che vorreste semplificare? Possiamo sentirci 10 minuti per capire come lo gestite oggi.

Tia Designs
https://tiadesigns.it"
"info@tenutavoscenza.it";"";"Ricevimenti Catania Tenuta Voscenza - Luxury Events Sicilia";"Ricevimenti Catania Tenuta Voscenza - Luxury Events Sicilia - Chatbot AI per tour operator e viaggi";"Buongiorno,

sono il titolare di Tia Designs, a Mantova, e sviluppo siti e strumenti web su misura.

Ho visto che organizzate viaggi o esperienze e ricevete richieste di preventivo.

Potrei aggiungere al sito un chatbot AI in abbonamento mensile per raccogliere destinazione, periodo, partecipanti e tipo di esperienza per il primo preventivo. Partirei da risposte approvate da voi, con passaggio al personale per i casi specifici.

È un aspetto che vorreste semplificare? Possiamo sentirci 10 minuti per capire come lo gestite oggi.

Tia Designs
https://tiadesigns.it"
"viiitalento2018@libero.it";"";"VIII Talento – Sala ricevimenti";"VIII Talento – Sala ricevimenti - Modulo richieste per spazi per eventi";"Buongiorno,

sono il titolare di Tia Designs, a Mantova, e sviluppo siti e strumenti web su misura.

Ho visto che presentate spazi e servizi per eventi e richieste di disponibilità.

Potrei sviluppare un modulo guidato per raccogliere data, tipo di evento, partecipanti e servizi richiesti per la verifica. L'obiettivo sarebbe ricevere informazioni più complete già al primo contatto.

È un aspetto che vorreste semplificare? Possiamo sentirci 10 minuti per capire come lo gestite oggi.

Tia Designs
https://tiadesigns.it"
"eventi@torrediscopello.com";"";"Torre di Scopello";"Torre di Scopello - Modulo richieste per spazi per eventi";"Buongiorno,

sono il titolare di Tia Designs, a Mantova, e sviluppo siti e strumenti web su misura.

Ho visto che presentate spazi e servizi per eventi e richieste di disponibilità.

Potrei sviluppare un modulo guidato per raccogliere data, tipo di evento, partecipanti e servizi richiesti per la verifica. L'obiettivo sarebbe ricevere informazioni più complete già al primo contatto.

È un aspetto che vorreste semplificare? Possiamo sentirci 10 minuti per capire come lo gestite oggi.

Tia Designs
https://tiadesigns.it"
"info@evolution.fi.it";"";"dove siamo, orari, mezzi pubblici · Palestra Evolution";"dove siamo, orari, mezzi pubblici · Palestra Evolution - Chatbot AI per centro sportivo";"Buongiorno,

sono il titolare di Tia Designs, a Mantova, e sviluppo siti e strumenti web su misura.

Ho visto che presentate attività sportive e modalità per chiedere informazioni.

Potrei aggiungere al sito un chatbot AI in abbonamento mensile per presentare corsi e attività e raccogliere interesse, fascia oraria e recapito. Partirei da risposte approvate da voi, con passaggio al personale per i casi specifici.

È un aspetto che vorreste semplificare? Possiamo sentirci 10 minuti per capire come lo gestite oggi.

Tia Designs
https://tiadesigns.it"
"emilia@nixen.it";"";"Nixen - Fitness Club";"Nixen - Fitness Club - Chatbot AI per centro sportivo";"Buongiorno,

sono il titolare di Tia Designs, a Mantova, e sviluppo siti e strumenti web su misura.

Ho visto che presentate attività sportive e modalità per chiedere informazioni.

Potrei aggiungere al sito un chatbot AI in abbonamento mensile per presentare corsi e attività e raccogliere interesse, fascia oraria e recapito. Partirei da risposte approvate da voi, con passaggio al personale per i casi specifici.

È un aspetto che vorreste semplificare? Possiamo sentirci 10 minuti per capire come lo gestite oggi.

Tia Designs
https://tiadesigns.it"
"todafitnessclub@libero.it";"";"TODA Fitness Club";"TODA Fitness Club - Chatbot AI per centro sportivo";"Buongiorno,

sono il titolare di Tia Designs, a Mantova, e sviluppo siti e strumenti web su misura.

Ho visto che presentate attività sportive e modalità per chiedere informazioni.

Potrei aggiungere al sito un chatbot AI in abbonamento mensile per presentare corsi e attività e raccogliere interesse, fascia oraria e recapito. Partirei da risposte approvate da voi, con passaggio al personale per i casi specifici.

È un aspetto che vorreste semplificare? Possiamo sentirci 10 minuti per capire come lo gestite oggi.

Tia Designs
https://tiadesigns.it"
"athleticenterfitness@libero.it";"";"Palermo | ATHLETIC CENTER FITNESS CLUB";"Palermo | ATHLETIC CENTER FITNESS CLUB - Chatbot AI per centro sportivo";"Buongiorno,

sono il titolare di Tia Designs, a Mantova, e sviluppo siti e strumenti web su misura.

Ho visto che presentate attività sportive e modalità per chiedere informazioni.

Potrei aggiungere al sito un chatbot AI in abbonamento mensile per presentare corsi e attività e raccogliere interesse, fascia oraria e recapito. Partirei da risposte approvate da voi, con passaggio al personale per i casi specifici.

È un aspetto che vorreste semplificare? Possiamo sentirci 10 minuti per capire come lo gestite oggi.

Tia Designs
https://tiadesigns.it"
"info.cultureclubfirenze@gmail.com";"";"Culture Club Palestre Firenze | Home";"Culture Club Palestre Firenze | Home - Chatbot AI per centro sportivo";"Buongiorno,

sono il titolare di Tia Designs, a Mantova, e sviluppo siti e strumenti web su misura.

Ho visto che presentate attività sportive e modalità per chiedere informazioni.

Potrei aggiungere al sito un chatbot AI in abbonamento mensile per presentare corsi e attività e raccogliere interesse, fascia oraria e recapito. Partirei da risposte approvate da voi, con passaggio al personale per i casi specifici.

È un aspetto che vorreste semplificare? Possiamo sentirci 10 minuti per capire come lo gestite oggi.

Tia Designs
https://tiadesigns.it"
"firenze@fitexpress.it";"";"Firenze - FitExpress";"Firenze - FitExpress - Chatbot AI per centro sportivo";"Buongiorno,

sono il titolare di Tia Designs, a Mantova, e sviluppo siti e strumenti web su misura.

Ho visto che presentate attività sportive e modalità per chiedere informazioni.

Potrei aggiungere al sito un chatbot AI in abbonamento mensile per presentare corsi e attività e raccogliere interesse, fascia oraria e recapito. Partirei da risposte approvate da voi, con passaggio al personale per i casi specifici.

È un aspetto che vorreste semplificare? Possiamo sentirci 10 minuti per capire come lo gestite oggi.

Tia Designs
https://tiadesigns.it"
"fitness@edilab.it";"";"Edilab scarl";"Edilab scarl - Chatbot AI per centro sportivo";"Buongiorno,

sono il titolare di Tia Designs, a Mantova, e sviluppo siti e strumenti web su misura.

Ho visto che presentate attività sportive e modalità per chiedere informazioni.

Potrei aggiungere al sito un chatbot AI in abbonamento mensile per presentare corsi e attività e raccogliere interesse, fascia oraria e recapito. Partirei da risposte approvate da voi, con passaggio al personale per i casi specifici.

È un aspetto che vorreste semplificare? Possiamo sentirci 10 minuti per capire come lo gestite oggi.

Tia Designs
https://tiadesigns.it"
"info@sardiniapadel.com";"";"Sardinia Padel | Sardegna";"Sardinia Padel | Sardegna - Chatbot AI per centro sportivo";"Buongiorno,

sono il titolare di Tia Designs, a Mantova, e sviluppo siti e strumenti web su misura.

Ho visto che presentate attività sportive e modalità per chiedere informazioni.

Potrei aggiungere al sito un chatbot AI in abbonamento mensile per presentare corsi e attività e raccogliere interesse, fascia oraria e recapito. Partirei da risposte approvate da voi, con passaggio al personale per i casi specifici.

È un aspetto che vorreste semplificare? Possiamo sentirci 10 minuti per capire come lo gestite oggi.

Tia Designs
https://tiadesigns.it"
"info@kodokan01.it";"";"PALESTRA KODOKAN01";"PALESTRA KODOKAN01 - Chatbot AI per centro sportivo";"Buongiorno,

sono il titolare di Tia Designs, a Mantova, e sviluppo siti e strumenti web su misura.

Ho visto che presentate attività sportive e modalità per chiedere informazioni.

Potrei aggiungere al sito un chatbot AI in abbonamento mensile per presentare corsi e attività e raccogliere interesse, fascia oraria e recapito. Partirei da risposte approvate da voi, con passaggio al personale per i casi specifici.

È un aspetto che vorreste semplificare? Possiamo sentirci 10 minuti per capire come lo gestite oggi.

Tia Designs
https://tiadesigns.it"
"mailostudio@libero.it";"";"Palestra Mailo Studio, Firenze | Palestra MAILO Studio";"Palestra Mailo Studio, Firenze | Palestra MAILO Studio - Chatbot AI per centro sportivo";"Buongiorno,

sono il titolare di Tia Designs, a Mantova, e sviluppo siti e strumenti web su misura.

Ho visto che presentate attività sportive e modalità per chiedere informazioni.

Potrei aggiungere al sito un chatbot AI in abbonamento mensile per presentare corsi e attività e raccogliere interesse, fascia oraria e recapito. Partirei da risposte approvate da voi, con passaggio al personale per i casi specifici.

È un aspetto che vorreste semplificare? Possiamo sentirci 10 minuti per capire come lo gestite oggi.

Tia Designs
https://tiadesigns.it"
"coworking@welfareland.eu";"";"Coworking - Welfareland";"Coworking - Welfareland - Chatbot AI per coworking";"Buongiorno,

sono il titolare di Tia Designs, a Mantova, e sviluppo siti e strumenti web su misura.

Ho visto che presentate postazioni e spazi di lavoro prenotabili.

Potrei aggiungere al sito un chatbot AI in abbonamento mensile per presentare postazioni e sale e raccogliere una richiesta di visita o prenotazione. Partirei da risposte approvate da voi, con passaggio al personale per i casi specifici.

È un aspetto che vorreste semplificare? Possiamo sentirci 10 minuti per capire come lo gestite oggi.

Tia Designs
https://tiadesigns.it"
"autoscuolamodernaba@libero.it";"";"Scuola guida e rinnovo patente cqc a Bari | Autoscuola Moderna";"Scuola guida e rinnovo patente cqc a Bari | Autoscuola Moderna - Chatbot AI per autoscuola";"Buongiorno,

sono il titolare di Tia Designs, a Mantova, e sviluppo siti e strumenti web su misura.

Ho visto che presentate servizi di autoscuola e richieste legate a patenti o pratiche.

Potrei aggiungere al sito un chatbot AI in abbonamento mensile per rispondere alle domande su sedi, servizi e orari e raccogliere una richiesta di ricontatto per la segreteria. Partirei da risposte approvate da voi, con passaggio al personale per i casi specifici.

È un aspetto che vorreste semplificare? Possiamo sentirci 10 minuti per capire come lo gestite oggi.

Tia Designs
https://tiadesigns.it"
"info@leroicamper.net";"";"Dove Siamo / Contatti - Le Roi Camper";"Dove Siamo / Contatti - Le Roi Camper - Chatbot AI per noleggio camper";"Buongiorno,

sono il titolare di Tia Designs, a Mantova, e sviluppo siti e strumenti web su misura.

Ho visto che presentate il noleggio camper e un canale per le richieste.

Potrei aggiungere al sito un chatbot AI in abbonamento mensile per raccogliere periodo, equipaggio e preferenze sul mezzo per una prima richiesta ordinata. Partirei da risposte approvate da voi, con passaggio al personale per i casi specifici.

È un aspetto che vorreste semplificare? Possiamo sentirci 10 minuti per capire come lo gestite oggi.

Tia Designs
https://tiadesigns.it"
"milano@nologru.net";"";"Noleggio Gru Piattaforme Aeree";"Noleggio Gru Piattaforme Aeree - Modulo richieste per servizi e componenti industriali";"Buongiorno,

sono il titolare di Tia Designs, a Mantova, e sviluppo siti e strumenti web su misura.

Ho visto che presentate prodotti o lavorazioni industriali e un canale per i preventivi.

Potrei sviluppare un modulo guidato per raccogliere specifiche, quantità, tempi e allegati tecnici per il preventivo. L'obiettivo sarebbe ricevere informazioni più complete già al primo contatto.

È un aspetto che vorreste semplificare? Possiamo sentirci 10 minuti per capire come lo gestite oggi.

Tia Designs
https://tiadesigns.it"
"info@impresadipulizieroma.org";"";"Impresa Pulizie Roma";"Impresa Pulizie Roma - Modulo richieste per pulizie e facility";"Buongiorno,

sono il titolare di Tia Designs, a Mantova, e sviluppo siti e strumenti web su misura.

Ho visto che offrite servizi di pulizia o facility per attività e strutture.

Potrei sviluppare un modulo guidato per raccogliere tipologia di struttura, frequenza e volumi indicativi per la proposta. L'obiettivo sarebbe ricevere informazioni più complete già al primo contatto.

È un aspetto che vorreste semplificare? Possiamo sentirci 10 minuti per capire come lo gestite oggi.

Tia Designs
https://tiadesigns.it"
"info@glampingtuscany.eu";"";"Glamping Tuscany";"Glamping Tuscany - Chatbot AI per struttura ricettiva";"Buongiorno,

sono il titolare di Tia Designs, a Mantova, e sviluppo siti e strumenti web su misura.

Ho visto che presentate la struttura e le modalità per chiedere disponibilità.

Potrei aggiungere al sito un chatbot AI in abbonamento mensile per rispondere alle FAQ e raccogliere date, numero di ospiti e preferenze prima del ricontatto. Partirei da risposte approvate da voi, con passaggio al personale per i casi specifici.

È un aspetto che vorreste semplificare? Possiamo sentirci 10 minuti per capire come lo gestite oggi.

Tia Designs
https://tiadesigns.it"
"revisioni@gonella.biz";"";"Revisioni - Gonella - Vendita e Assistenza Citroen Peugeot Opel Torino";"Revisioni - Gonella - Vendita e Assistenza Citroen Peugeot Opel Torino - Modulo richieste per servizi e componenti industriali";"Buongiorno,

sono il titolare di Tia Designs, a Mantova, e sviluppo siti e strumenti web su misura.

Ho visto che presentate prodotti o lavorazioni industriali e un canale per i preventivi.

Potrei sviluppare un modulo guidato per raccogliere specifiche, quantità, tempi e allegati tecnici per il preventivo. L'obiettivo sarebbe ricevere informazioni più complete già al primo contatto.

È un aspetto che vorreste semplificare? Possiamo sentirci 10 minuti per capire come lo gestite oggi.

Tia Designs
https://tiadesigns.it"
"advertising@spazioeventi.org";"";"Spazio Eventi srl";"Spazio Eventi srl - Modulo richieste per spazi per eventi";"Buongiorno,

sono il titolare di Tia Designs, a Mantova, e sviluppo siti e strumenti web su misura.

Ho visto che presentate spazi e servizi per eventi e richieste di disponibilità.

Potrei sviluppare un modulo guidato per raccogliere data, tipo di evento, partecipanti e servizi richiesti per la verifica. L'obiettivo sarebbe ricevere informazioni più complete già al primo contatto.

È un aspetto che vorreste semplificare? Possiamo sentirci 10 minuti per capire come lo gestite oggi.

Tia Designs
https://tiadesigns.it"
"villateresaagriturismo@gmail.com";"";"MATRIMONI | Villa Teresa";"MATRIMONI | Villa Teresa - Chatbot AI per scuola di lingue";"Buongiorno,

sono il titolare di Tia Designs, a Mantova, e sviluppo siti e strumenti web su misura.

Ho visto che presentate percorsi linguistici e un canale per chiedere informazioni.

Potrei aggiungere al sito un chatbot AI in abbonamento mensile per orientare tra corsi e livelli e raccogliere lingua, obiettivo e disponibilità per la segreteria. Partirei da risposte approvate da voi, con passaggio al personale per i casi specifici.

È un aspetto che vorreste semplificare? Possiamo sentirci 10 minuti per capire come lo gestite oggi.

Tia Designs
https://tiadesigns.it"
"spazio3milano@gmail.com";"";"Spazio3 | Scrivici per informazioni o per prenotare il tuo ufficio";"Spazio3 | Scrivici per informazioni o per prenotare il tuo ufficio - Chatbot AI per coworking";"Buongiorno,

sono il titolare di Tia Designs, a Mantova, e sviluppo siti e strumenti web su misura.

Ho visto che presentate postazioni e spazi di lavoro prenotabili.

Potrei aggiungere al sito un chatbot AI in abbonamento mensile per presentare postazioni e sale e raccogliere una richiesta di visita o prenotazione. Partirei da risposte approvate da voi, con passaggio al personale per i casi specifici.

È un aspetto che vorreste semplificare? Possiamo sentirci 10 minuti per capire come lo gestite oggi.

Tia Designs
https://tiadesigns.it"
"info@sileastoragefirenze.com";"";"Depositi per privati ed Aziende";"Depositi per privati ed Aziende - Chatbot AI per self storage e deposito";"Buongiorno,

sono il titolare di Tia Designs, a Mantova, e sviluppo siti e strumenti web su misura.

Ho visto che presentate soluzioni di deposito e invitano a chiedere informazioni.

Potrei aggiungere al sito un chatbot AI in abbonamento mensile per spiegare le formule disponibili e raccogliere spazio, durata e data desiderata. Partirei da risposte approvate da voi, con passaggio al personale per i casi specifici.

È un aspetto che vorreste semplificare? Possiamo sentirci 10 minuti per capire come lo gestite oggi.

Tia Designs
https://tiadesigns.it"
"amministrazione@cpsgroup.it";"";"CPS srl";"CPS srl - Modulo richieste per servizi e componenti industriali";"Buongiorno,

sono il titolare di Tia Designs, a Mantova, e sviluppo siti e strumenti web su misura.

Ho visto che presentate prodotti o lavorazioni industriali e un canale per i preventivi.

Potrei sviluppare un modulo guidato per raccogliere specifiche, quantità, tempi e allegati tecnici per il preventivo. L'obiettivo sarebbe ricevere informazioni più complete già al primo contatto.

È un aspetto che vorreste semplificare? Possiamo sentirci 10 minuti per capire come lo gestite oggi.

Tia Designs
https://tiadesigns.it"
"kingservice.social@gmail.com";"";"Impresa di pulizie professionali a Bologna | King Service Srl";"Impresa di pulizie professionali a Bologna | King Service Srl - Modulo richieste per pulizie e facility";"Buongiorno,

sono il titolare di Tia Designs, a Mantova, e sviluppo siti e strumenti web su misura.

Ho visto che offrite servizi di pulizia o facility per attività e strutture.

Potrei sviluppare un modulo guidato per raccogliere tipologia di struttura, frequenza e volumi indicativi per la proposta. L'obiettivo sarebbe ricevere informazioni più complete già al primo contatto.

È un aspetto che vorreste semplificare? Possiamo sentirci 10 minuti per capire come lo gestite oggi.

Tia Designs
https://tiadesigns.it"
"padel@ferrinicagliari.org";"";"Padel - Polisportiva Ferrini Cagliari";"Padel - Polisportiva Ferrini Cagliari - Chatbot AI per centro sportivo";"Buongiorno,

sono il titolare di Tia Designs, a Mantova, e sviluppo siti e strumenti web su misura.

Ho visto che presentate attività sportive e modalità per chiedere informazioni.

Potrei aggiungere al sito un chatbot AI in abbonamento mensile per presentare corsi e attività e raccogliere interesse, fascia oraria e recapito. Partirei da risposte approvate da voi, con passaggio al personale per i casi specifici.

È un aspetto che vorreste semplificare? Possiamo sentirci 10 minuti per capire come lo gestite oggi.

Tia Designs
https://tiadesigns.it"
"info@autoscuolailvolante.it";"";"SEDE di FIRENZE (zona BROZZI / PERETOLA) – Autoscuole Firenze";"SEDE di FIRENZE (zona BROZZI / PERETOLA) – Autoscuole Firenze - Chatbot AI per autoscuola";"Buongiorno,

sono il titolare di Tia Designs, a Mantova, e sviluppo siti e strumenti web su misura.

Ho visto che presentate servizi di autoscuola e richieste legate a patenti o pratiche.

Potrei aggiungere al sito un chatbot AI in abbonamento mensile per rispondere alle domande su sedi, servizi e orari e raccogliere una richiesta di ricontatto per la segreteria. Partirei da risposte approvate da voi, con passaggio al personale per i casi specifici.

È un aspetto che vorreste semplificare? Possiamo sentirci 10 minuti per capire come lo gestite oggi.

Tia Designs
https://tiadesigns.it"
"clienti@railacademy.it";"";"Rail Academy";"Rail Academy - Automazione richieste per formazione professionale";"Buongiorno,

sono il titolare di Tia Designs, a Mantova, e sviluppo siti e strumenti web su misura.

Ho visto che presentate corsi e percorsi di formazione con richieste di informazioni.

Potrei sviluppare una piccola automazione per organizzare le richieste per corso, sede, obiettivo e prossimo ricontatto. Prima verificherei gli strumenti che usate già, per definire un intervento circoscritto.

È un aspetto che vorreste semplificare? Possiamo sentirci 10 minuti per capire come lo gestite oggi.

Tia Designs
https://tiadesigns.it"
"info@storagemilano.com";"";"s | Storage Milano";"s | Storage Milano - Chatbot AI per self storage e deposito";"Buongiorno,

sono il titolare di Tia Designs, a Mantova, e sviluppo siti e strumenti web su misura.

Ho visto che presentate soluzioni di deposito e invitano a chiedere informazioni.

Potrei aggiungere al sito un chatbot AI in abbonamento mensile per spiegare le formule disponibili e raccogliere spazio, durata e data desiderata. Partirei da risposte approvate da voi, con passaggio al personale per i casi specifici.

È un aspetto che vorreste semplificare? Possiamo sentirci 10 minuti per capire come lo gestite oggi.

Tia Designs
https://tiadesigns.it"
"info@hubflorence.it";"";"Hub Florence | The coworking in the historic center of Florence";"Hub Florence | The coworking in the historic center of Florence - Chatbot AI per coworking";"Buongiorno,

sono il titolare di Tia Designs, a Mantova, e sviluppo siti e strumenti web su misura.

Ho visto che presentate postazioni e spazi di lavoro prenotabili.

Potrei aggiungere al sito un chatbot AI in abbonamento mensile per presentare postazioni e sale e raccogliere una richiesta di visita o prenotazione. Partirei da risposte approvate da voi, con passaggio al personale per i casi specifici.

È un aspetto che vorreste semplificare? Possiamo sentirci 10 minuti per capire come lo gestite oggi.

Tia Designs
https://tiadesigns.it"
"info@coworkingbari.com";"";"Coworking Spazio14";"Coworking Spazio14 - Chatbot AI per coworking";"Buongiorno,

sono il titolare di Tia Designs, a Mantova, e sviluppo siti e strumenti web su misura.

Ho visto che presentate postazioni e spazi di lavoro prenotabili.

Potrei aggiungere al sito un chatbot AI in abbonamento mensile per presentare postazioni e sale e raccogliere una richiesta di visita o prenotazione. Partirei da risposte approvate da voi, con passaggio al personale per i casi specifici.

È un aspetto che vorreste semplificare? Possiamo sentirci 10 minuti per capire come lo gestite oggi.

Tia Designs
https://tiadesigns.it"
"info@caravanclubtour.it";"";"Caravan Club Tour - Noleggio Camper Torino e Noleggio Furgoni Torino";"Caravan Club Tour - Noleggio Camper Torino e Noleggio Furgoni Torino - Chatbot AI per servizi per animali";"Buongiorno,

sono il titolare di Tia Designs, a Mantova, e sviluppo siti e strumenti web su misura.

Ho visto che offrite servizi per animali e ricevete richieste di contatto.

Potrei aggiungere al sito un chatbot AI in abbonamento mensile per rispondere alle domande organizzative e raccogliere servizio, periodo e recapito. Partirei da risposte approvate da voi, con passaggio al personale per i casi specifici.

È un aspetto che vorreste semplificare? Possiamo sentirci 10 minuti per capire come lo gestite oggi.

Tia Designs
https://tiadesigns.it"
"info@citypadelmilano.it";"";"City Padel Milano - Gioca a Padel a Milano City Life";"City Padel Milano - Gioca a Padel a Milano City Life - Chatbot AI per centro sportivo";"Buongiorno,

sono il titolare di Tia Designs, a Mantova, e sviluppo siti e strumenti web su misura.

Ho visto che presentate attività sportive e modalità per chiedere informazioni.

Potrei aggiungere al sito un chatbot AI in abbonamento mensile per presentare corsi e attività e raccogliere interesse, fascia oraria e recapito. Partirei da risposte approvate da voi, con passaggio al personale per i casi specifici.

È un aspetto che vorreste semplificare? Possiamo sentirci 10 minuti per capire come lo gestite oggi.

Tia Designs
https://tiadesigns.it"
"palestre.picasso@tiscali.it";"";"palestrepicasso.com";"palestrepicasso.com - Automazione richieste per servizi locali";"Buongiorno,

sono il titolare di Tia Designs, a Mantova, e sviluppo siti e strumenti web su misura.

Ho visto che presentate i vostri servizi e raccogliete richieste di contatto.

Potrei sviluppare una piccola automazione per raccogliere il motivo del contatto e i dati essenziali prima della risposta. Prima verificherei gli strumenti che usate già, per definire un intervento circoscritto.

È un aspetto che vorreste semplificare? Possiamo sentirci 10 minuti per capire come lo gestite oggi.

Tia Designs
https://tiadesigns.it"
"ebragotti@ascomtorino.it";"";"ALD Automotive";"ALD Automotive - Modulo richieste per noleggio attrezzature";"Buongiorno,

sono il titolare di Tia Designs, a Mantova, e sviluppo siti e strumenti web su misura.

Ho visto che presentate attrezzature a noleggio e richieste per i clienti.

Potrei sviluppare un modulo guidato per raccogliere attrezzatura, periodo, luogo d’impiego e descrizione del lavoro. L'obiettivo sarebbe ricevere informazioni più complete già al primo contatto.

È un aspetto che vorreste semplificare? Possiamo sentirci 10 minuti per capire come lo gestite oggi.

Tia Designs
https://tiadesigns.it"
"o.dondona@ui.torino.it";"";"Unione Industriali Torino";"Unione Industriali Torino - Modulo richieste per servizi e componenti industriali";"Buongiorno,

sono il titolare di Tia Designs, a Mantova, e sviluppo siti e strumenti web su misura.

Ho visto che presentate prodotti o lavorazioni industriali e un canale per i preventivi.

Potrei sviluppare un modulo guidato per raccogliere specifiche, quantità, tempi e allegati tecnici per il preventivo. L'obiettivo sarebbe ricevere informazioni più complete già al primo contatto.

È un aspetto che vorreste semplificare? Possiamo sentirci 10 minuti per capire come lo gestite oggi.

Tia Designs
https://tiadesigns.it"
"info@rcestaro-srl.it";"";"RCESTARO | Dosing & Spray equipment Robotic engineering Testing automation";"RCESTARO | Dosing & Spray equipment Robotic engineering Testing automation - Modulo richieste per servizi e componenti industriali";"Buongiorno,

sono il titolare di Tia Designs, a Mantova, e sviluppo siti e strumenti web su misura.

Ho visto che presentate prodotti o lavorazioni industriali e un canale per i preventivi.

Potrei sviluppare un modulo guidato per raccogliere specifiche, quantità, tempi e allegati tecnici per il preventivo. L'obiettivo sarebbe ricevere informazioni più complete già al primo contatto.

È un aspetto che vorreste semplificare? Possiamo sentirci 10 minuti per capire come lo gestite oggi.

Tia Designs
https://tiadesigns.it"
"gmii@aslnapoli1centro.it";"";"O SANITARIO NAZIONALE";"O SANITARIO NAZIONALE - Automazione richieste per servizi locali";"Buongiorno,

sono il titolare di Tia Designs, a Mantova, e sviluppo siti e strumenti web su misura.

Ho visto che presentate i vostri servizi e raccogliete richieste di contatto.

Potrei sviluppare una piccola automazione per raccogliere il motivo del contatto e i dati essenziali prima della risposta. Prima verificherei gli strumenti che usate già, per definire un intervento circoscritto.

È un aspetto che vorreste semplificare? Possiamo sentirci 10 minuti per capire come lo gestite oggi.

Tia Designs
https://tiadesigns.it"
"info@romapropertymanager.it";"";"Roma Property Manager - Roma Property Manager";"Roma Property Manager - Roma Property Manager - Automazione richieste per immobiliare";"Buongiorno,

sono il titolare di Tia Designs, a Mantova, e sviluppo siti e strumenti web su misura.

Ho visto che gestite immobili o locazioni e ricevete richieste dai clienti.

Potrei sviluppare una piccola automazione per organizzare le richieste per immobile, zona, esigenza e prossimo ricontatto. Prima verificherei gli strumenti che usate già, per definire un intervento circoscritto.

È un aspetto che vorreste semplificare? Possiamo sentirci 10 minuti per capire come lo gestite oggi.

Tia Designs
https://tiadesigns.it"
"info@butterflyverona.it";"";"Butterfly Verona | Luxury Accommodation in Verona Historic Centre — 7 Design Suites";"Butterfly Verona | Luxury Accommodation in Verona Historic Centre — 7 Design Suites - Chatbot AI per struttura ricettiva";"Buongiorno,

sono il titolare di Tia Designs, a Mantova, e sviluppo siti e strumenti web su misura.

Ho visto che presentate la struttura e le modalità per chiedere disponibilità.

Potrei aggiungere al sito un chatbot AI in abbonamento mensile per rispondere alle FAQ e raccogliere date, numero di ospiti e preferenze prima del ricontatto. Partirei da risposte approvate da voi, con passaggio al personale per i casi specifici.

È un aspetto che vorreste semplificare? Possiamo sentirci 10 minuti per capire come lo gestite oggi.

Tia Designs
https://tiadesigns.it"
"info@hotelfirenzeveronacentro.com";"";"Boutique Hotel 4 stelle a Verona | Hotel Firenze";"Boutique Hotel 4 stelle a Verona | Hotel Firenze - Chatbot AI per struttura ricettiva";"Buongiorno,

sono il titolare di Tia Designs, a Mantova, e sviluppo siti e strumenti web su misura.

Ho visto che presentate la struttura e le modalità per chiedere disponibilità.

Potrei aggiungere al sito un chatbot AI in abbonamento mensile per rispondere alle FAQ e raccogliere date, numero di ospiti e preferenze prima del ricontatto. Partirei da risposte approvate da voi, con passaggio al personale per i casi specifici.

È un aspetto che vorreste semplificare? Possiamo sentirci 10 minuti per capire come lo gestite oggi.

Tia Designs
https://tiadesigns.it"
"bbamati@hotmail.it";"";"bbamati";"bbamati - Automazione richieste per servizi locali";"Buongiorno,

sono il titolare di Tia Designs, a Mantova, e sviluppo siti e strumenti web su misura.

Ho visto che presentate i vostri servizi e raccogliete richieste di contatto.

Potrei sviluppare una piccola automazione per raccogliere il motivo del contatto e i dati essenziali prima della risposta. Prima verificherei gli strumenti che usate già, per definire un intervento circoscritto.

È un aspetto che vorreste semplificare? Possiamo sentirci 10 minuti per capire come lo gestite oggi.

Tia Designs
https://tiadesigns.it"
"info@boatsharingpuglia.com";"";"Noleggi – Boat Sharing Puglia";"Noleggi – Boat Sharing Puglia - Chatbot AI per noleggio barche";"Buongiorno,

sono il titolare di Tia Designs, a Mantova, e sviluppo siti e strumenti web su misura.

Ho visto che presentate il noleggio e raccogliete richieste per le uscite.

Potrei aggiungere al sito un chatbot AI in abbonamento mensile per rispondere alle domande organizzative e raccogliere data, durata e numero di partecipanti. Partirei da risposte approvate da voi, con passaggio al personale per i casi specifici.

È un aspetto che vorreste semplificare? Possiamo sentirci 10 minuti per capire come lo gestite oggi.

Tia Designs
https://tiadesigns.it"
"info@paradiseresortsardegna.com";"";"PARADISE RESORT SARDEGNA | SardegnaTurismo - Sito ufficiale del turismo della Regione Sardegna";"PARADISE RESORT SARDEGNA | SardegnaTurismo - Sito ufficiale del turismo della Regione Sardegna - Automazione richieste per servizi locali";"Buongiorno,

sono il titolare di Tia Designs, a Mantova, e sviluppo siti e strumenti web su misura.

Ho visto che presentate i vostri servizi e raccogliete richieste di contatto.

Potrei sviluppare una piccola automazione per raccogliere il motivo del contatto e i dati essenziali prima della risposta. Prima verificherei gli strumenti che usate già, per definire un intervento circoscritto.

È un aspetto che vorreste semplificare? Possiamo sentirci 10 minuti per capire come lo gestite oggi.

Tia Designs
https://tiadesigns.it"
"info@glampingledune.it";"";"us - Glamping Le Dune";"us - Glamping Le Dune - Automazione richieste per servizi locali";"Buongiorno,

sono il titolare di Tia Designs, a Mantova, e sviluppo siti e strumenti web su misura.

Ho visto che presentate i vostri servizi e raccogliete richieste di contatto.

Potrei sviluppare una piccola automazione per raccogliere il motivo del contatto e i dati essenziali prima della risposta. Prima verificherei gli strumenti che usate già, per definire un intervento circoscritto.

È un aspetto che vorreste semplificare? Possiamo sentirci 10 minuti per capire come lo gestite oggi.

Tia Designs
https://tiadesigns.it"
"buttigliera@tachisrevisioni.it";"";"Revisioni Auto e Moto a Torino | Tachis";"Revisioni Auto e Moto a Torino | Tachis - Modulo richieste per servizi auto";"Buongiorno,

sono il titolare di Tia Designs, a Mantova, e sviluppo siti e strumenti web su misura.

Ho visto che ricevete richieste per assistenza, revisioni o interventi sui veicoli.

Potrei sviluppare un modulo guidato per raccogliere tipo di intervento, veicolo, disponibilità e allegati prima del ricontatto. L'obiettivo sarebbe ricevere informazioni più complete già al primo contatto.

È un aspetto che vorreste semplificare? Possiamo sentirci 10 minuti per capire come lo gestite oggi.

Tia Designs
https://tiadesigns.it"
"accettazione@autocarrozzeriasergio.com";"";"Carrozzeria a Firenze – un servizio di eccellenza dal 1955";"Carrozzeria a Firenze – un servizio di eccellenza dal 1955 - Modulo richieste per servizi auto";"Buongiorno,

sono il titolare di Tia Designs, a Mantova, e sviluppo siti e strumenti web su misura.

Ho visto che ricevete richieste per assistenza, revisioni o interventi sui veicoli.

Potrei sviluppare un modulo guidato per raccogliere tipo di intervento, veicolo, disponibilità e allegati prima del ricontatto. L'obiettivo sarebbe ricevere informazioni più complete già al primo contatto.

È un aspetto che vorreste semplificare? Possiamo sentirci 10 minuti per capire come lo gestite oggi.

Tia Designs
https://tiadesigns.it"
"info@entemaxwell.it";"";"Formazione Professionale Napoli | Ente Maxwell";"Formazione Professionale Napoli | Ente Maxwell - Automazione richieste per formazione professionale";"Buongiorno,

sono il titolare di Tia Designs, a Mantova, e sviluppo siti e strumenti web su misura.

Ho visto che presentate corsi e percorsi di formazione con richieste di informazioni.

Potrei sviluppare una piccola automazione per organizzare le richieste per corso, sede, obiettivo e prossimo ricontatto. Prima verificherei gli strumenti che usate già, per definire un intervento circoscritto.

È un aspetto che vorreste semplificare? Possiamo sentirci 10 minuti per capire come lo gestite oggi.

Tia Designs
https://tiadesigns.it"
"ufficiotecnico@adelfoi.it";"";"aci - Adelfoi S.r.l. Sicurezza sul Lavoro";"aci - Adelfoi S.r.l. Sicurezza sul Lavoro - Automazione richieste per formazione professionale";"Buongiorno,

sono il titolare di Tia Designs, a Mantova, e sviluppo siti e strumenti web su misura.

Ho visto che presentate corsi e percorsi di formazione con richieste di informazioni.

Potrei sviluppare una piccola automazione per organizzare le richieste per corso, sede, obiettivo e prossimo ricontatto. Prima verificherei gli strumenti che usate già, per definire un intervento circoscritto.

È un aspetto che vorreste semplificare? Possiamo sentirci 10 minuti per capire come lo gestite oggi.

Tia Designs
https://tiadesigns.it"
"segreteriacorsi@protom.com";"";"Espero, formazione professionale certificata, i nostri contatti";"Espero, formazione professionale certificata, i nostri contatti - Automazione richieste per formazione professionale";"Buongiorno,

sono il titolare di Tia Designs, a Mantova, e sviluppo siti e strumenti web su misura.

Ho visto che presentate corsi e percorsi di formazione con richieste di informazioni.

Potrei sviluppare una piccola automazione per organizzare le richieste per corso, sede, obiettivo e prossimo ricontatto. Prima verificherei gli strumenti che usate già, per definire un intervento circoscritto.

È un aspetto che vorreste semplificare? Possiamo sentirci 10 minuti per capire come lo gestite oggi.

Tia Designs
https://tiadesigns.it"
"info@formedilnapoli.it";"";"Formazione professionale – FORMEDIL Napoli";"Formazione professionale – FORMEDIL Napoli - Automazione richieste per formazione professionale";"Buongiorno,

sono il titolare di Tia Designs, a Mantova, e sviluppo siti e strumenti web su misura.

Ho visto che presentate corsi e percorsi di formazione con richieste di informazioni.

Potrei sviluppare una piccola automazione per organizzare le richieste per corso, sede, obiettivo e prossimo ricontatto. Prima verificherei gli strumenti che usate già, per definire un intervento circoscritto.

È un aspetto che vorreste semplificare? Possiamo sentirci 10 minuti per capire come lo gestite oggi.

Tia Designs
https://tiadesigns.it"
"info@laborsecurity.it";"";"Labor security: Leader della sicurezza sul Lavoro da 15 anni";"Labor security: Leader della sicurezza sul Lavoro da 15 anni - Automazione richieste per formazione professionale";"Buongiorno,

sono il titolare di Tia Designs, a Mantova, e sviluppo siti e strumenti web su misura.

Ho visto che presentate corsi e percorsi di formazione con richieste di informazioni.

Potrei sviluppare una piccola automazione per organizzare le richieste per corso, sede, obiettivo e prossimo ricontatto. Prima verificherei gli strumenti che usate già, per definire un intervento circoscritto.

È un aspetto che vorreste semplificare? Possiamo sentirci 10 minuti per capire come lo gestite oggi.

Tia Designs
https://tiadesigns.it"
"delegato.campania@cnos-fap.it";"";"Campania | CNOS-FAP";"Campania | CNOS-FAP - Automazione richieste per formazione professionale";"Buongiorno,

sono il titolare di Tia Designs, a Mantova, e sviluppo siti e strumenti web su misura.

Ho visto che presentate corsi e percorsi di formazione con richieste di informazioni.

Potrei sviluppare una piccola automazione per organizzare le richieste per corso, sede, obiettivo e prossimo ricontatto. Prima verificherei gli strumenti che usate già, per definire un intervento circoscritto.

È un aspetto che vorreste semplificare? Possiamo sentirci 10 minuti per capire come lo gestite oggi.

Tia Designs
https://tiadesigns.it"
"info@arcoiris81.it";"";"Arcoiris srl | Servizi integrati di Ingegneria e Sicurezza";"Arcoiris srl | Servizi integrati di Ingegneria e Sicurezza - Modulo richieste per servizi e componenti industriali";"Buongiorno,

sono il titolare di Tia Designs, a Mantova, e sviluppo siti e strumenti web su misura.

Ho visto che presentate prodotti o lavorazioni industriali e un canale per i preventivi.

Potrei sviluppare un modulo guidato per raccogliere specifiche, quantità, tempi e allegati tecnici per il preventivo. L'obiettivo sarebbe ricevere informazioni più complete già al primo contatto.

È un aspetto che vorreste semplificare? Possiamo sentirci 10 minuti per capire come lo gestite oggi.

Tia Designs
https://tiadesigns.it"
"esteticaserenails@gmail.com";"";"Serenails";"Serenails - Automazione richieste per formazione professionale";"Buongiorno,

sono il titolare di Tia Designs, a Mantova, e sviluppo siti e strumenti web su misura.

Ho visto che presentate corsi e percorsi di formazione con richieste di informazioni.

Potrei sviluppare una piccola automazione per organizzare le richieste per corso, sede, obiettivo e prossimo ricontatto. Prima verificherei gli strumenti che usate già, per definire un intervento circoscritto.

È un aspetto che vorreste semplificare? Possiamo sentirci 10 minuti per capire come lo gestite oggi.

Tia Designs
https://tiadesigns.it"
"info@kleis-estetica.it";"";"Centro Estetico a Torino | Kleis Estetica – Bellezza e Benessere";"Centro Estetico a Torino | Kleis Estetica – Bellezza e Benessere - Automazione richieste per formazione professionale";"Buongiorno,

sono il titolare di Tia Designs, a Mantova, e sviluppo siti e strumenti web su misura.

Ho visto che presentate corsi e percorsi di formazione con richieste di informazioni.

Potrei sviluppare una piccola automazione per organizzare le richieste per corso, sede, obiettivo e prossimo ricontatto. Prima verificherei gli strumenti che usate già, per definire un intervento circoscritto.

È un aspetto che vorreste semplificare? Possiamo sentirci 10 minuti per capire come lo gestite oggi.

Tia Designs
https://tiadesigns.it"
"info@galliapalace.it";"";"Location per cerimonie Toscana | Gallia Palace Beach & Golf Resort";"Location per cerimonie Toscana | Gallia Palace Beach & Golf Resort - Modulo richieste per spazi per eventi";"Buongiorno,

sono il titolare di Tia Designs, a Mantova, e sviluppo siti e strumenti web su misura.

Ho visto che presentate spazi e servizi per eventi e richieste di disponibilità.

Potrei sviluppare un modulo guidato per raccogliere data, tipo di evento, partecipanti e servizi richiesti per la verifica. L'obiettivo sarebbe ricevere informazioni più complete già al primo contatto.

È un aspetto che vorreste semplificare? Possiamo sentirci 10 minuti per capire come lo gestite oggi.

Tia Designs
https://tiadesigns.it"
"info@magazzinigeneraliesilos.it";"";"Magazzini Generali e Silos S.p.A.";"Magazzini Generali e Silos S.p.A. - Automazione richieste per servizi locali";"Buongiorno,

sono il titolare di Tia Designs, a Mantova, e sviluppo siti e strumenti web su misura.

Ho visto che presentate i vostri servizi e raccogliete richieste di contatto.

Potrei sviluppare una piccola automazione per raccogliere il motivo del contatto e i dati essenziali prima della risposta. Prima verificherei gli strumenti che usate già, per definire un intervento circoscritto.

È un aspetto che vorreste semplificare? Possiamo sentirci 10 minuti per capire come lo gestite oggi.

Tia Designs
https://tiadesigns.it"
"info@barihub.com";"";"BARIHUB Business-Center a Bari | Box e Depositi in locazione";"BARIHUB Business-Center a Bari | Box e Depositi in locazione - Automazione richieste per servizi locali";"Buongiorno,

sono il titolare di Tia Designs, a Mantova, e sviluppo siti e strumenti web su misura.

Ho visto che presentate i vostri servizi e raccogliete richieste di contatto.

Potrei sviluppare una piccola automazione per raccogliere il motivo del contatto e i dati essenziali prima della risposta. Prima verificherei gli strumenti che usate già, per definire un intervento circoscritto.

È un aspetto che vorreste semplificare? Possiamo sentirci 10 minuti per capire come lo gestite oggi.

Tia Designs
https://tiadesigns.it"
"info@hoteltorinoportasusa.com";"";"s - Hotel Torino Porta Susa";"s - Hotel Torino Porta Susa - Chatbot AI per struttura ricettiva";"Buongiorno,

sono il titolare di Tia Designs, a Mantova, e sviluppo siti e strumenti web su misura.

Ho visto che presentate la struttura e le modalità per chiedere disponibilità.

Potrei aggiungere al sito un chatbot AI in abbonamento mensile per rispondere alle FAQ e raccogliere date, numero di ospiti e preferenze prima del ricontatto. Partirei da risposte approvate da voi, con passaggio al personale per i casi specifici.

È un aspetto che vorreste semplificare? Possiamo sentirci 10 minuti per capire come lo gestite oggi.

Tia Designs
https://tiadesigns.it"
"lucasteddu67@yahoo.it";"";"Contacts";"Contacts - Automazione richieste per servizi locali";"Buongiorno,

sono il titolare di Tia Designs, a Mantova, e sviluppo siti e strumenti web su misura.

Ho visto che presentate i vostri servizi e raccogliete richieste di contatto.

Potrei sviluppare una piccola automazione per raccogliere il motivo del contatto e i dati essenziali prima della risposta. Prima verificherei gli strumenti che usate già, per definire un intervento circoscritto.

È un aspetto che vorreste semplificare? Possiamo sentirci 10 minuti per capire come lo gestite oggi.

Tia Designs
https://tiadesigns.it"
"info@tournapoli.it";"";"Tour Napoli";"Tour Napoli - Automazione richieste per servizi locali";"Buongiorno,

sono il titolare di Tia Designs, a Mantova, e sviluppo siti e strumenti web su misura.

Ho visto che presentate i vostri servizi e raccogliete richieste di contatto.

Potrei sviluppare una piccola automazione per raccogliere il motivo del contatto e i dati essenziali prima della risposta. Prima verificherei gli strumenti che usate già, per definire un intervento circoscritto.

È un aspetto che vorreste semplificare? Possiamo sentirci 10 minuti per capire come lo gestite oggi.

Tia Designs
https://tiadesigns.it"
"reservations@cubepiemonte.com";"";"s | CUBE Travels";"s | CUBE Travels - Chatbot AI per tour operator e viaggi";"Buongiorno,

sono il titolare di Tia Designs, a Mantova, e sviluppo siti e strumenti web su misura.

Ho visto che organizzate viaggi o esperienze e ricevete richieste di preventivo.

Potrei aggiungere al sito un chatbot AI in abbonamento mensile per raccogliere destinazione, periodo, partecipanti e tipo di esperienza per il primo preventivo. Partirei da risposte approvate da voi, con passaggio al personale per i casi specifici.

È un aspetto che vorreste semplificare? Possiamo sentirci 10 minuti per capire come lo gestite oggi.

Tia Designs
https://tiadesigns.it"
