"email";"nome";"azienda";"oggetto";"corpo"
"info@allevamentomorlini.it";"";"Allevamento e Pensione Morlini";"Allevamento e Pensione Morlini - FAQ e richieste per la pensione";"Buongiorno,

sono il titolare di Tia Designs, a Mantova, e sviluppo siti e strumenti web su misura.

Ricevete su appuntamento e pubblicate orari diversi per pensione e allevamento, anche in base alla stagione.

Potrei aggiungere al sito un chatbot AI in abbonamento mensile per rispondere alle FAQ organizzative e raccogliere periodo, animale e recapito prima del contatto con la pensione. Partirei da risposte approvate da voi, con passaggio al personale per i casi specifici.

È un aspetto che vorreste semplificare? Possiamo sentirci 10 minuti per capire come lo gestite oggi.

Tia Designs
https://tiadesigns.it"
"info@csgonline.it";"";"CSG";"CSG - Dati utili prima del preventivo noleggio";"Buongiorno,

sono il titolare di Tia Designs, a Mantova, e sviluppo siti e strumenti web su misura.

Proponete attrezzature a noleggio con consegna, installazione e formazione, raccogliendo le esigenze tramite modulo.

Potrei sviluppare un modulo guidato per raccogliere categoria della macchina, utilizzo previsto, durata e sede di installazione in campi dedicati. L'obiettivo sarebbe ricevere informazioni più complete già al primo contatto.

È un aspetto che vorreste semplificare? Possiamo sentirci 10 minuti per capire come lo gestite oggi.

Tia Designs
https://tiadesigns.it"
"info@dgservicegroup.com";"";"DG Service Group";"DG Service Group - Orientamento tra assistenza e ricambi";"Buongiorno,

sono il titolare di Tia Designs, a Mantova, e sviluppo siti e strumenti web su misura.

Distinguete le richieste in garanzia dai contatti diretti per il fuori garanzia e avete uno shop di ricambi.

Potrei aggiungere al sito un chatbot AI in abbonamento mensile per orientare al canale corretto e raccogliere marca, modello e richiesta da passare al tecnico. Partirei da risposte approvate da voi, con passaggio al personale per i casi specifici.

È un aspetto che vorreste semplificare? Possiamo sentirci 10 minuti per capire come lo gestite oggi.

Tia Designs
https://tiadesigns.it"
"info@ambientinoleggio.it";"";"Ambienti Noleggio";"Ambienti Noleggio - Un elenco dei preventivi da seguire";"Buongiorno,

sono il titolare di Tia Designs, a Mantova, e sviluppo siti e strumenti web su misura.

Indicate contatti distinti per informazioni, ordini e preventivi; il modulo accetta già allegati.

Potrei sviluppare una piccola automazione per organizzare le richieste per evento, data e stato del preventivo in un piccolo pannello. Prima verificherei gli strumenti che usate già, per definire un intervento circoscritto.

È un aspetto che vorreste semplificare? Possiamo sentirci 10 minuti per capire come lo gestite oggi.

Tia Designs
https://tiadesigns.it"
"noloparty@noloparty.it";"";"NoloParty";"NoloParty - Richieste di noleggio più complete";"Buongiorno,

sono il titolare di Tia Designs, a Mantova, e sviluppo siti e strumenti web su misura.

Avete una sede logistica a Bologna e riferimenti commerciali distinti per altre zone.

Potrei sviluppare un modulo guidato per raccogliere luogo, data, quantità e attrezzature richieste prima dell'inoltro al commerciale. L'obiettivo sarebbe ricevere informazioni più complete già al primo contatto.

È un aspetto che vorreste semplificare? Possiamo sentirci 10 minuti per capire come lo gestite oggi.

Tia Designs
https://tiadesigns.it"
"info@borellicatering.com";"";"Borelli Catering & Banqueting";"Borelli Catering & Banqueting - Un brief prima del preventivo catering";"Buongiorno,

sono il titolare di Tia Designs, a Mantova, e sviluppo siti e strumenti web su misura.

Il vostro modulo contatti permette di indicare il motivo della richiesta e lasciare un messaggio.

Potrei sviluppare un modulo guidato per raccogliere data, località, numero di ospiti e tipo di servizio in un breve percorso guidato. L'obiettivo sarebbe ricevere informazioni più complete già al primo contatto.

È un aspetto che vorreste semplificare? Possiamo sentirci 10 minuti per capire come lo gestite oggi.

Tia Designs
https://tiadesigns.it"
"info@enomarket.eu";"";"Enomarket";"Enomarket - Richieste al reparto competente";"Buongiorno,

sono il titolare di Tia Designs, a Mantova, e sviluppo siti e strumenti web su misura.

Affiancate distribuzione di bevande, noleggio attrezzature e assistenza agli impianti di spillatura.

Potrei aggiungere al sito un chatbot AI in abbonamento mensile per distinguere richieste di fornitura, noleggio e assistenza e preparare il ricontatto del reparto competente. Partirei da risposte approvate da voi, con passaggio al personale per i casi specifici.

È un aspetto che vorreste semplificare? Possiamo sentirci 10 minuti per capire come lo gestite oggi.

Tia Designs
https://tiadesigns.it"
"info@multico.it";"";"MultiCO Coworking";"MultiCO Coworking - Richieste delle sale per data e durata";"Buongiorno,

sono il titolare di Tia Designs, a Mantova, e sviluppo siti e strumenti web su misura.

Per le sale riunioni invitate a contattarvi per verificare la disponibilità e organizzare una visita.

Potrei aggiungere un percorso sul sito per raccogliere giorno, durata, partecipanti e necessità della sala, lasciando a voi la conferma. Definirei con voi pochi dati essenziali e il passaggio di conferma.

È un aspetto che vorreste semplificare? Possiamo sentirci 10 minuti per capire come lo gestite oggi.

Tia Designs
https://tiadesigns.it"
"info@mezzaninecoworking.com";"";"Mezzanine Coworking";"Mezzanine Coworking - FAQ su postazioni e sala riunioni";"Buongiorno,

sono il titolare di Tia Designs, a Mantova, e sviluppo siti e strumenti web su misura.

Proponete postazioni, uffici privati e una sala riunioni con tariffe per durata e prenotazione richiesta.

Potrei aggiungere al sito un chatbot AI in abbonamento mensile per spiegare le formule pubblicate e raccogliere le preferenze prima della conferma dello spazio. Partirei da risposte approvate da voi, con passaggio al personale per i casi specifici.

È un aspetto che vorreste semplificare? Possiamo sentirci 10 minuti per capire come lo gestite oggi.

Tia Designs
https://tiadesigns.it"
"info@edenworking.it";"";"Eden Working";"Eden Working - Una richiesta guidata per le sale";"Buongiorno,

sono il titolare di Tia Designs, a Mantova, e sviluppo siti e strumenti web su misura.

Oltre agli uffici offrite sale riunioni utilizzabili per poche ore, mezza giornata o giornata intera.

Potrei sviluppare un modulo guidato per raccogliere durata, partecipanti e servizi necessari per preparare una proposta della sala. L'obiettivo sarebbe ricevere informazioni più complete già al primo contatto.

È un aspetto che vorreste semplificare? Possiamo sentirci 10 minuti per capire come lo gestite oggi.

Tia Designs
https://tiadesigns.it"
"info@aqacoworking.com";"";"AQA Coworking";"AQA Coworking - Orientamento tra coworking e meeting";"Buongiorno,

sono il titolare di Tia Designs, a Mantova, e sviluppo siti e strumenti web su misura.

Presentate postazioni condivise e una sala riunioni fino a 15 persone, affittabile anche a ore.

Potrei aggiungere al sito un chatbot AI in abbonamento mensile per orientare tra postazioni e sala riunioni e raccogliere data, durata e numero di persone. Partirei da risposte approvate da voi, con passaggio al personale per i casi specifici.

È un aspetto che vorreste semplificare? Possiamo sentirci 10 minuti per capire come lo gestite oggi.

Tia Designs
https://tiadesigns.it"
"info@gi-gi.srl";"";"GI & GI";"GI & GI - Misure e quantità prima del preventivo";"Buongiorno,

sono il titolare di Tia Designs, a Mantova, e sviluppo siti e strumenti web su misura.

Realizzate scatole su misura anche per tirature contenute e invitate a richiedere un preventivo personalizzato.

Potrei sviluppare un modulo guidato per raccogliere prodotto da contenere, misure, quantità e scadenza in una scheda per il commerciale. L'obiettivo sarebbe ricevere informazioni più complete già al primo contatto.

È un aspetto che vorreste semplificare? Possiamo sentirci 10 minuti per capire come lo gestite oggi.

Tia Designs
https://tiadesigns.it"
"info@ind-pack.com";"";"Industrial Packaging";"Industrial Packaging - Preparare le richieste di test";"Buongiorno,

sono il titolare di Tia Designs, a Mantova, e sviluppo siti e strumenti web su misura.

Proponete un test presso il cliente, preceduto dall'analisi del prodotto da confezionare e degli obiettivi.

Potrei sviluppare un modulo guidato per raccogliere prodotto, impianto utilizzato, obiettivo e disponibilità per il test prima del sopralluogo. L'obiettivo sarebbe ricevere informazioni più complete già al primo contatto.

È un aspetto che vorreste semplificare? Possiamo sentirci 10 minuti per capire come lo gestite oggi.

Tia Designs
https://tiadesigns.it"
"commerciale@iri-imballaggi.it";"";"IRI - Industria Reggiana Imballaggi";"IRI - Industria Reggiana Imballaggi - Un brief per gli imballaggi su misura";"Buongiorno,

sono il titolare di Tia Designs, a Mantova, e sviluppo siti e strumenti web su misura.

Proponete prodotti personalizzati per imballaggio e spedizione e raccogliete richieste tramite un modulo commerciale.

Potrei sviluppare un modulo guidato per raccogliere dimensioni, peso indicativo, destinazione e allegati da sottoporre al vostro ufficio tecnico. L'obiettivo sarebbe ricevere informazioni più complete già al primo contatto.

È un aspetto che vorreste semplificare? Possiamo sentirci 10 minuti per capire come lo gestite oggi.

Tia Designs
https://tiadesigns.it"
"info@imballaggicavicchioli.it";"";"Nuova Imballaggi Cavicchioli";"Nuova Imballaggi Cavicchioli - Orientare tra pronta consegna e su misura";"Buongiorno,

sono il titolare di Tia Designs, a Mantova, e sviluppo siti e strumenti web su misura.

Presentate imballaggi pronti a magazzino e soluzioni su misura per diversi settori.

Potrei aggiungere al sito un chatbot AI in abbonamento mensile per distinguere richieste di articoli disponibili e imballi su misura, raccogliendo misure e quantità da confermare. Partirei da risposte approvate da voi, con passaggio al personale per i casi specifici.

È un aspetto che vorreste semplificare? Possiamo sentirci 10 minuti per capire come lo gestite oggi.

Tia Designs
https://tiadesigns.it"
"lingue@istitutodantealighieri.it";"";"Istituto Dante Alighieri Padova";"Istituto Dante Alighieri Padova - FAQ per i corsi di lingue";"Buongiorno,

sono il titolare di Tia Designs, a Mantova, e sviluppo siti e strumenti web su misura.

La segreteria dei corsi di lingue e certificazioni risponde nel pomeriggio e dispone di un indirizzo dedicato.

Potrei aggiungere al sito un chatbot AI in abbonamento mensile per rispondere alle FAQ organizzative fuori orario e raccogliere lingua, obiettivo e disponibilità dello studente. Partirei da risposte approvate da voi, con passaggio al personale per i casi specifici.

È un aspetto che vorreste semplificare? Possiamo sentirci 10 minuti per capire come lo gestite oggi.

Tia Designs
https://tiadesigns.it"
"info@reggiolingua.it";"";"Reggio Lingua";"Reggio Lingua - FAQ multilingue prima dell'arrivo";"Buongiorno,

sono il titolare di Tia Designs, a Mantova, e sviluppo siti e strumenti web su misura.

Pubblicate informazioni dettagliate per raggiungere la scuola e documenti relativi ai corsi e all'assistenza.

Potrei aggiungere al sito un chatbot AI in abbonamento mensile per rispondere in più lingue alle domande pratiche su arrivo e organizzazione e passare le richieste specifiche alla segreteria. Partirei da risposte approvate da voi, con passaggio al personale per i casi specifici.

È un aspetto che vorreste semplificare? Possiamo sentirci 10 minuti per capire come lo gestite oggi.

Tia Designs
https://tiadesigns.it"
"info@linguapoint.it";"";"Lingua Point";"Lingua Point - Preparare la consulenza sui corsi";"Buongiorno,

sono il titolare di Tia Designs, a Mantova, e sviluppo siti e strumenti web su misura.

Invitate a chiedere informazioni personalizzate su corsi, livelli e certificazioni attraverso il modulo contatti.

Potrei sviluppare un modulo guidato per raccogliere lingua, obiettivo e fascia oraria preferita prima della consulenza didattica. L'obiettivo sarebbe ricevere informazioni più complete già al primo contatto.

È un aspetto che vorreste semplificare? Possiamo sentirci 10 minuti per capire come lo gestite oggi.

Tia Designs
https://tiadesigns.it"
"info.parma@interlinguae.it";"";"Interlinguae";"Interlinguae - Richieste alla sede e al servizio giusti";"Buongiorno,

sono il titolare di Tia Designs, a Mantova, e sviluppo siti e strumenti web su misura.

Pubblicate recapiti distinti per traduzioni, corsi ed esami e per le diverse sedi.

Potrei sviluppare una piccola automazione per assegnare i contatti del sito alla sede e al servizio scelti, con un elenco delle richieste da seguire. Prima verificherei gli strumenti che usate già, per definire un intervento circoscritto.

È un aspetto che vorreste semplificare? Possiamo sentirci 10 minuti per capire come lo gestite oggi.

Tia Designs
https://tiadesigns.it"
"info@thegreenhouseacademy.com";"";"The Green House Language Academy";"The Green House Language Academy - Richieste per la lezione di prova";"Buongiorno,

sono il titolare di Tia Designs, a Mantova, e sviluppo siti e strumenti web su misura.

Per fissare un appuntamento o una lezione di prova gratuita indicate telefono, email e modulo di contatto.

Potrei aggiungere un percorso sul sito per raccogliere corso desiderato e disponibilità per la prova, lasciando alla scuola la conferma dell'appuntamento. Definirei con voi pochi dati essenziali e il passaggio di conferma.

È un aspetto che vorreste semplificare? Possiamo sentirci 10 minuti per capire come lo gestite oggi.

Tia Designs
https://tiadesigns.it"
"pensionepercanicasadellolmo@gmail.com";"";"La Casa dell'Olmo";"La Casa dell'Olmo - Preparare visite, consegne e ritiri";"Buongiorno,

sono il titolare di Tia Designs, a Mantova, e sviluppo siti e strumenti web su misura.

Chiedete di prenotare visite, consegne e ritiri, preferibilmente per telefono, per organizzare il lavoro.

Potrei aggiungere un percorso sul sito per raccogliere periodo del soggiorno e orari preferiti di consegna e ritiro, da confermare con voi. Definirei con voi pochi dati essenziali e il passaggio di conferma.

È un aspetto che vorreste semplificare? Possiamo sentirci 10 minuti per capire come lo gestite oggi.

Tia Designs
https://tiadesigns.it"
"info@atel-assistenza.it";"";"ATEL Assistenza";"ATEL Assistenza - Orientare le richieste di assistenza";"Buongiorno,

sono il titolare di Tia Designs, a Mantova, e sviluppo siti e strumenti web su misura.

Affiancate vendita di elettrodomestici, ricambi e assistenza tecnica su più marchi.

Potrei aggiungere al sito un chatbot AI in abbonamento mensile per distinguere acquisti, ricambi e interventi e raccogliere i dati del prodotto per il personale. Partirei da risposte approvate da voi, con passaggio al personale per i casi specifici.

È un aspetto che vorreste semplificare? Possiamo sentirci 10 minuti per capire come lo gestite oggi.

Tia Designs
https://tiadesigns.it"
"info@rotoebike.it";"";"ROTOEBIKE";"ROTOEBIKE - Richieste e-bike più complete";"Buongiorno,

sono il titolare di Tia Designs, a Mantova, e sviluppo siti e strumenti web su misura.

Nella pagina contatti mettete a disposizione un modulo per le richieste al negozio.

Potrei sviluppare un modulo guidato per distinguere acquisto e noleggio e raccogliere periodo, numero di bici e preferenze prima del ricontatto. L'obiettivo sarebbe ricevere informazioni più complete già al primo contatto.

È un aspetto che vorreste semplificare? Possiamo sentirci 10 minuti per capire come lo gestite oggi.

Tia Designs
https://tiadesigns.it"
"info@dlserviceassistenza.com";"";"DL Service Assistenza";"DL Service Assistenza - Dati utili prima del contatto tecnico";"Buongiorno,

sono il titolare di Tia Designs, a Mantova, e sviluppo siti e strumenti web su misura.

Distinguete assistenza, ricambi e procedure per prodotti in garanzia e fuori garanzia.

Potrei sviluppare un modulo guidato per raccogliere marca, modello, tipo di richiesta e fotografie utili per la valutazione del tecnico. L'obiettivo sarebbe ricevere informazioni più complete già al primo contatto.

È un aspetto che vorreste semplificare? Possiamo sentirci 10 minuti per capire come lo gestite oggi.

Tia Designs
https://tiadesigns.it"
"info@chemelloservice.it";"";"Chemello Service";"Chemello Service - Riparazioni e ricambi in un elenco";"Buongiorno,

sono il titolare di Tia Designs, a Mantova, e sviluppo siti e strumenti web su misura.

Indicate un indirizzo dedicato alle richieste di riparazione e ricambi.

Potrei sviluppare una piccola automazione per organizzare le richieste del sito con prodotto, modello, fotografie e stato del ricontatto. Prima verificherei gli strumenti che usate già, per definire un intervento circoscritto.

È un aspetto che vorreste semplificare? Possiamo sentirci 10 minuti per capire come lo gestite oggi.

Tia Designs
https://tiadesigns.it"
"info@scatolificiocgfbox.it";"";"CGF Box Scatolificio";"CGF Box Scatolificio - Seguire le richieste di imballaggi";"Buongiorno,

sono il titolare di Tia Designs, a Mantova, e sviluppo siti e strumenti web su misura.

Il modulo distingue già preventivo, ricontatto, sopralluogo e informazioni per gli imballi su misura.

Potrei sviluppare una piccola automazione per trasformare le richieste ricevute in schede con tipo di servizio, allegati e prossima azione. Prima verificherei gli strumenti che usate già, per definire un intervento circoscritto.

È un aspetto che vorreste semplificare? Possiamo sentirci 10 minuti per capire come lo gestite oggi.

Tia Designs
https://tiadesigns.it"
"info@sobimballaggi.it";"";"SOB Imballaggi";"SOB Imballaggi - Un brief prima della consulenza packaging";"Buongiorno,

sono il titolare di Tia Designs, a Mantova, e sviluppo siti e strumenti web su misura.

Presentate diverse tipologie di scatole e invitate a chiedere una consulenza personalizzata.

Potrei sviluppare un modulo guidato per raccogliere formato, quantità e uso previsto dell'imballo prima della consulenza tecnica. L'obiettivo sarebbe ricevere informazioni più complete già al primo contatto.

È un aspetto che vorreste semplificare? Possiamo sentirci 10 minuti per capire come lo gestite oggi.

Tia Designs
https://tiadesigns.it"
"scatolificio.laurini@intred.net";"";"Scatolificio Laurini";"Scatolificio Laurini - Richieste di scatole con misure e tiratura";"Buongiorno,

sono il titolare di Tia Designs, a Mantova, e sviluppo siti e strumenti web su misura.

Proponete scatole personalizzate sia in piccole quantità sia per forniture più importanti.

Potrei sviluppare un modulo guidato per raccogliere misure, tiratura, prodotto da contenere e tempistica in una richiesta strutturata. L'obiettivo sarebbe ricevere informazioni più complete già al primo contatto.

È un aspetto che vorreste semplificare? Possiamo sentirci 10 minuti per capire come lo gestite oggi.

Tia Designs
https://tiadesigns.it"
"info@scatolificiomm.com";"";"Scatolificio MM";"Scatolificio MM - FAQ e richieste dopo il catalogo";"Buongiorno,

sono il titolare di Tia Designs, a Mantova, e sviluppo siti e strumenti web su misura.

Avete moduli distinti per contattarvi e scaricare il catalogo dei contenitori metallici.

Potrei aggiungere al sito un chatbot AI in abbonamento mensile per orientare tra le categorie di contenitori e raccogliere formato e quantità per la valutazione commerciale. Partirei da risposte approvate da voi, con passaggio al personale per i casi specifici.

È un aspetto che vorreste semplificare? Possiamo sentirci 10 minuti per capire come lo gestite oggi.

Tia Designs
https://tiadesigns.it"
"info@gabrielimarinosnc.it";"";"Gabrieli Marino";"Gabrieli Marino - Seguire campionature e preventivi";"Buongiorno,

sono il titolare di Tia Designs, a Mantova, e sviluppo siti e strumenti web su misura.

Avete già moduli distinti per informazioni, campioni e preventivi, con quantità e caratteristiche della carta.

Potrei sviluppare una piccola automazione per collegare richieste di campioni e preventivi in un elenco con stato e prossima azione. Prima verificherei gli strumenti che usate già, per definire un intervento circoscritto.

È un aspetto che vorreste semplificare? Possiamo sentirci 10 minuti per capire come lo gestite oggi.

Tia Designs
https://tiadesigns.it"
"info@vitolonoleggiocamper.it";"";"Vitolo Noleggio Camper";"Vitolo Noleggio Camper - Richieste di noleggio camper più complete";"Buongiorno,

sono il titolare di Tia Designs, a Mantova, e sviluppo siti e strumenti web su misura.

Ho visto che sul vostro sito il primo contatto per il noleggio passa da un modulo con messaggio libero.

Potrei sviluppare un modulo guidato per raccogliere date del viaggio, numero di persone e preferenze sul camper, inviandovi una richiesta già ordinata da valutare. L'obiettivo sarebbe ricevere informazioni più complete già al primo contatto.

È un aspetto che vorreste semplificare? Possiamo sentirci 10 minuti per capire come lo gestite oggi.

Tia Designs
https://tiadesigns.it"
"camper@ideaverdecamperrent.com";"";"IdeaVerde Camper Rent";"IdeaVerde Camper Rent - Un assistente per le domande sul noleggio";"Buongiorno,

sono il titolare di Tia Designs, a Mantova, e sviluppo siti e strumenti web su misura.

La vostra pagina contatti permette di chiedere informazioni sui camper tramite email e modulo, e riporta gli orari dell'ufficio.

Potrei aggiungere al sito un chatbot AI in abbonamento mensile per rispondere alle domande organizzative sul noleggio e raccogliere periodo, equipaggio e recapito anche fuori orario; disponibilità e preventivo resterebbero confermati da voi. Partirei da risposte approvate da voi, con passaggio al personale per i casi specifici.

È un aspetto che vorreste semplificare? Possiamo sentirci 10 minuti per capire come lo gestite oggi.

Tia Designs
https://tiadesigns.it"
"info@camperland3000.com";"";"Camperland 3000";"Camperland 3000 - Una richiesta guidata per i ganci traino";"Buongiorno,

sono il titolare di Tia Designs, a Mantova, e sviluppo siti e strumenti web su misura.

Ho letto che per i preventivi sui ganci traino chiedete via email o WhatsApp i dati tecnici del veicolo e la carta di circolazione.

Potrei sviluppare un modulo guidato per raccogliere in modo guidato i soli dati necessari del veicolo e gli eventuali allegati, lasciando ai vostri tecnici la verifica del gancio corretto. L'obiettivo sarebbe ricevere informazioni più complete già al primo contatto.

È un aspetto che vorreste semplificare? Possiamo sentirci 10 minuti per capire come lo gestite oggi.

Tia Designs
https://tiadesigns.it"
"master@agenziamaster.com";"";"Agenzia Master";"Agenzia Master - Smistare le richieste tra servizi e sedi";"Buongiorno,

sono il titolare di Tia Designs, a Mantova, e sviluppo siti e strumenti web su misura.

Sul vostro sito presentate più sedi e servizi diversi, dalla scuola nautica alle pratiche per la nautica.

Potrei sviluppare una piccola automazione per smistare le richieste per servizio e sede, assegnando al personale un riepilogo del motivo del contatto e del recapito. Prima verificherei gli strumenti che usate già, per definire un intervento circoscritto.

È un aspetto che vorreste semplificare? Possiamo sentirci 10 minuti per capire come lo gestite oggi.

Tia Designs
https://tiadesigns.it"
"info@scuolanauticagranlasco.it";"";"Scuola Nautica Granlasco";"Scuola Nautica Granlasco - Domande sui corsi nautici anche fuori orario";"Buongiorno,

sono il titolare di Tia Designs, a Mantova, e sviluppo siti e strumenti web su misura.

Ho visto che proponete lezioni serali e percorsi per patenti nautiche a vela e a motore.

Potrei aggiungere al sito un chatbot AI in abbonamento mensile per presentare i corsi, rispondere alle domande su orari e iscrizioni e raccogliere una richiesta di ricontatto per la segreteria. Partirei da risposte approvate da voi, con passaggio al personale per i casi specifici.

È un aspetto che vorreste semplificare? Possiamo sentirci 10 minuti per capire come lo gestite oggi.

Tia Designs
https://tiadesigns.it"
"info@scuolainterpretibrescia.com";"";"Accademia Linguistica Scuola Interpreti Brescia";"Accademia Linguistica Scuola Interpreti Brescia - Un modulo dedicato ai corsi aziendali";"Buongiorno,

sono il titolare di Tia Designs, a Mantova, e sviluppo siti e strumenti web su misura.

Ho visto la vostra offerta di corsi di lingua per aziende, presso la scuola o direttamente nella sede del cliente.

Potrei sviluppare un modulo guidato per raccogliere lingua, obiettivi, numero di partecipanti e sede del corso, così da preparare una proposta formativa con meno scambi iniziali. L'obiettivo sarebbe ricevere informazioni più complete già al primo contatto.

È un aspetto che vorreste semplificare? Possiamo sentirci 10 minuti per capire come lo gestite oggi.

Tia Designs
https://tiadesigns.it"
"oakschool.info@gmail.com";"";"Oak School";"Oak School - Seguire le richieste dei corsi per sede";"Buongiorno,

sono il titolare di Tia Designs, a Mantova, e sviluppo siti e strumenti web su misura.

Il vostro modulo raccoglie già corso, livello e sede: una buona base per seguire le richieste delle diverse sedi bergamasche.

Potrei sviluppare una piccola automazione per portare le richieste del modulo in un pannello con sede, referente incaricato e prossimo ricontatto, collegandolo agli strumenti già in uso. Prima verificherei gli strumenti che usate già, per definire un intervento circoscritto.

È un aspetto che vorreste semplificare? Possiamo sentirci 10 minuti per capire come lo gestite oggi.

Tia Designs
https://tiadesigns.it"
"internazionalelinguistica@gmail.com";"";"Internazionale Linguistica";"Internazionale Linguistica - Richieste più chiare per i servizi linguistici";"Buongiorno,

sono il titolare di Tia Designs, a Mantova, e sviluppo siti e strumenti web su misura.

Ho visto che affiancate corsi per aziende e privati, traduzioni e interpretariato, anche a distanza.

Potrei sviluppare un modulo guidato per distinguere subito le richieste di formazione da quelle di traduzione o interpretariato e chiedere per ciascuna i dati pertinenti. L'obiettivo sarebbe ricevere informazioni più complete già al primo contatto.

È un aspetto che vorreste semplificare? Possiamo sentirci 10 minuti per capire come lo gestite oggi.

Tia Designs
https://tiadesigns.it"
"infocsam@centrostudiadmaiora.com";"";"Centro Studi Ad Maiora";"Centro Studi Ad Maiora - Un assistente per orientarsi tra i corsi";"Buongiorno,

sono il titolare di Tia Designs, a Mantova, e sviluppo siti e strumenti web su misura.

La vostra pagina presenta corsi in diverse lingue, tra cui inglese, tedesco, francese e portoghese.

Potrei aggiungere al sito un chatbot AI in abbonamento mensile per rispondere alle domande sui percorsi disponibili e raccogliere lingua d'interesse, obiettivo e disponibilità oraria per la segreteria. Partirei da risposte approvate da voi, con passaggio al personale per i casi specifici.

È un aspetto che vorreste semplificare? Possiamo sentirci 10 minuti per capire come lo gestite oggi.

Tia Designs
https://tiadesigns.it"
"concierge@fellowsdogs.it";"";"Fellows Dogs Beauty Lounge + Academy";"Fellows Dogs Beauty Lounge + Academy - Appuntamenti e Academy: richieste al posto giusto";"Buongiorno,

sono il titolare di Tia Designs, a Mantova, e sviluppo siti e strumenti web su misura.

Ho visto che gestite appuntamenti in tre store e un canale dedicato alle attività dell'Academy.

Potrei aggiungere al sito un chatbot AI in abbonamento mensile per distinguere le richieste di toelettatura da quelle sui corsi e raccogliere sede, servizio e disponibilità del cliente, con conferma dell'appuntamento da parte vostra. Partirei da risposte approvate da voi, con passaggio al personale per i casi specifici.

È un aspetto che vorreste semplificare? Possiamo sentirci 10 minuti per capire come lo gestite oggi.

Tia Designs
https://tiadesigns.it"
"thiergartenvalverde@libero.it";"";"Thier Garten Valverde";"Thier Garten Valverde - Soggiorni e visite: una richiesta guidata";"Buongiorno,

sono il titolare di Tia Designs, a Mantova, e sviluppo siti e strumenti web su misura.

Sul sito presentate la pensione per cani e invitate chi è interessato a contattarvi anche per visitare la struttura.

Potrei aggiungere un percorso sul sito per raccogliere periodo del soggiorno, numero di cani e richiesta di visita, consegnandovi un riepilogo da verificare prima della conferma. Definirei con voi pochi dati essenziali e il passaggio di conferma.

È un aspetto che vorreste semplificare? Possiamo sentirci 10 minuti per capire come lo gestite oggi.

Tia Designs
https://tiadesigns.it"
"info@berneseinfranciacorta.com";"";"Bernese in Franciacorta";"Bernese in Franciacorta - Separare pensione e toelettatura nelle richieste";"Buongiorno,

sono il titolare di Tia Designs, a Mantova, e sviluppo siti e strumenti web su misura.

Ho visto che la vostra struttura ad Adro propone pensione per cani e toelettatura.

Potrei aggiungere un percorso sul sito per separare le richieste di soggiorno dagli appuntamenti di toelettatura e raccogliere servizio, periodo desiderato e recapito per la vostra conferma. Definirei con voi pochi dati essenziali e il passaggio di conferma.

È un aspetto che vorreste semplificare? Possiamo sentirci 10 minuti per capire come lo gestite oggi.

Tia Designs
https://tiadesigns.it"
"info@catresort.it";"";"CatResort";"CatResort - Un riepilogo delle richieste di soggiorno";"Buongiorno,

sono il titolare di Tia Designs, a Mantova, e sviluppo siti e strumenti web su misura.

Ho visto che sul vostro sito sono già presenti un modulo di contatto e un accesso alla chat.

Potrei sviluppare una piccola automazione per riunire le richieste di soggiorno in un pannello con periodo, numero di gatti e stato del ricontatto, valutando l'integrazione con i canali che usate già. Prima verificherei gli strumenti che usate già, per definire un intervento circoscritto.

È un aspetto che vorreste semplificare? Possiamo sentirci 10 minuti per capire come lo gestite oggi.

Tia Designs
https://tiadesigns.it"
"info@mavacar.it";"";"Mavacar";"Mavacar - Un assistente tra noleggio, vendita e officina";"Buongiorno,

sono il titolare di Tia Designs, a Mantova, e sviluppo siti e strumenti web su misura.

Ho visto che a Volta Mantovana affiancate vendita e noleggio di veicoli commerciali a officina e revisioni.

Potrei aggiungere al sito un chatbot AI in abbonamento mensile per indirizzare il visitatore verso noleggio, acquisto o officina e raccogliere una breve richiesta per il reparto corretto. Partirei da risposte approvate da voi, con passaggio al personale per i casi specifici.

È un aspetto che vorreste semplificare? Possiamo sentirci 10 minuti per capire come lo gestite oggi.

Tia Designs
https://tiadesigns.it"
"info@varmonoleggio.com";"";"V.A.R.M.O.";"V.A.R.M.O. - Dal catalogo alla richiesta di noleggio";"Buongiorno,

sono il titolare di Tia Designs, a Mantova, e sviluppo siti e strumenti web su misura.

Il vostro catalogo comprende furgoni, piattaforme, carrelli elevatori e macchine per movimento terra.

Potrei sviluppare un modulo guidato per raccogliere categoria del mezzo, periodo, luogo d'impiego e descrizione del lavoro, lasciando al vostro personale la scelta tecnica e la conferma. L'obiettivo sarebbe ricevere informazioni più complete già al primo contatto.

È un aspetto che vorreste semplificare? Possiamo sentirci 10 minuti per capire come lo gestite oggi.

Tia Designs
https://tiadesigns.it"
"info@lcnoleggioscaleaeree.it";"";"L.C. Noleggio Scale Aeree";"L.C. Noleggio Scale Aeree - Dati utili già nella richiesta di noleggio";"Buongiorno,

sono il titolare di Tia Designs, a Mantova, e sviluppo siti e strumenti web su misura.

Ho visto che noleggiate scale e piattaforme con o senza operatore, servendo anche Verona e Mantova.

Potrei sviluppare un modulo guidato per raccogliere luogo, periodo, tipo di intervento ed eventuali foto dell'accesso, fornendo al vostro personale i dati iniziali per organizzare il contatto tecnico. L'obiettivo sarebbe ricevere informazioni più complete già al primo contatto.

È un aspetto che vorreste semplificare? Possiamo sentirci 10 minuti per capire come lo gestite oggi.

Tia Designs
https://tiadesigns.it"
"info@daneseautogru.it";"";"Danese Autogru";"Danese Autogru - Preparare meglio le richieste di sopralluogo";"Buongiorno,

sono il titolare di Tia Designs, a Mantova, e sviluppo siti e strumenti web su misura.

Sul vostro sito la richiesta di sopralluogo è centrale per i servizi di sollevamento e movimentazione industriale.

Potrei sviluppare un modulo guidato per raccogliere sede dell'intervento, periodo, descrizione del carico e allegati prima del sopralluogo, lasciando ogni valutazione operativa ai vostri tecnici. L'obiettivo sarebbe ricevere informazioni più complete già al primo contatto.

È un aspetto che vorreste semplificare? Possiamo sentirci 10 minuti per capire come lo gestite oggi.

Tia Designs
https://tiadesigns.it"
"basementparma@gmail.com";"";"Basement Coworking Parma";"Basement Coworking Parma - Dalle domande sulle postazioni alla visita";"Buongiorno,

sono il titolare di Tia Designs, a Mantova, e sviluppo siti e strumenti web su misura.

Ho visto che presentate postazioni dedicate con diverse durate e invitate a prenotare una visita dello spazio.

Potrei aggiungere al sito un chatbot AI in abbonamento mensile per spiegare le formule e i servizi inclusi e raccogliere una richiesta di visita con data di inizio e durata desiderata. Partirei da risposte approvate da voi, con passaggio al personale per i casi specifici.

È un aspetto che vorreste semplificare? Possiamo sentirci 10 minuti per capire come lo gestite oggi.

Tia Designs
https://tiadesigns.it"
"info@blackout-mo.com";"";"Blackout Group";"Blackout Group - Seguire le richieste delle due sedi";"Buongiorno,

sono il titolare di Tia Designs, a Mantova, e sviluppo siti e strumenti web su misura.

La vostra pagina contatti riporta le sedi di Modena e Reggio Emilia e un modulo per le richieste dei clienti.

Potrei sviluppare una piccola automazione per organizzare le richieste per sede, macchinario e periodo, assegnando un responsabile e rendendo visibili quelle ancora da ricontattare. Prima verificherei gli strumenti che usate già, per definire un intervento circoscritto.

È un aspetto che vorreste semplificare? Possiamo sentirci 10 minuti per capire come lo gestite oggi.

Tia Designs
https://tiadesigns.it"
"coworking@coopattiva.com";"";"Coopattiva COOworking";"Coopattiva COOworking - Richieste complete per sale e postazioni";"Buongiorno,

sono il titolare di Tia Designs, a Mantova, e sviluppo siti e strumenti web su misura.

Ho visto che offrite open space, uffici privati, una sala meeting e uno spazio per eventi, con tariffe personalizzate.

Potrei sviluppare un modulo guidato per raccogliere tipo di spazio, data, durata e partecipanti prima del preventivo, con verifica della disponibilità da parte vostra. L'obiettivo sarebbe ricevere informazioni più complete già al primo contatto.

È un aspetto che vorreste semplificare? Possiamo sentirci 10 minuti per capire come lo gestite oggi.

Tia Designs
https://tiadesigns.it"
"info@rpebergamo.it";"";"R.P.E. Riparazione Elettrodomestici";"R.P.E. Riparazione Elettrodomestici - Una richiesta guidata per i ricambi";"Buongiorno,

sono il titolare di Tia Designs, a Mantova, e sviluppo siti e strumenti web su misura.

Nella pagina ricambi invitate a telefonare per verificare la disponibilità del pezzo necessario.

Potrei sviluppare un modulo guidato per raccogliere marca, modello, descrizione del ricambio e una foto della targhetta, così da permettervi una verifica prima di ricontattare il cliente. L'obiettivo sarebbe ricevere informazioni più complete già al primo contatto.

È un aspetto che vorreste semplificare? Possiamo sentirci 10 minuti per capire come lo gestite oggi.

Tia Designs
https://tiadesigns.it"
"maurizio.valotti@virgilio.it";"";"Lavanderia Valotti";"Lavanderia Valotti - Preventivi biancheria con i dati essenziali";"Buongiorno,

sono il titolare di Tia Designs, a Mantova, e sviluppo siti e strumenti web su misura.

Ho visto che vi occupate di lavaggio e noleggio biancheria per alberghi, ristoranti e pizzerie.

Potrei sviluppare un modulo guidato per raccogliere tipo di attività, sede, volumi indicativi e frequenza del servizio, preparando un riepilogo utile per il vostro preventivo. L'obiettivo sarebbe ricevere informazioni più complete già al primo contatto.

È un aspetto che vorreste semplificare? Possiamo sentirci 10 minuti per capire come lo gestite oggi.

Tia Designs
https://tiadesigns.it"
"info@lavanderiagbc.it";"";"Lavanderia Industriale GBC";"Lavanderia Industriale GBC - Un modulo per le richieste delle strutture";"Buongiorno,

sono il titolare di Tia Designs, a Mantova, e sviluppo siti e strumenti web su misura.

La vostra pagina presenta il servizio di lavanderia industriale per case di riposo e RSA in diverse province lombarde.

Potrei sviluppare un modulo guidato per raccogliere i dati commerciali della struttura, i volumi indicativi e la frequenza richiesta, senza includere informazioni sui singoli ospiti. L'obiettivo sarebbe ricevere informazioni più complete già al primo contatto.

È un aspetto che vorreste semplificare? Possiamo sentirci 10 minuti per capire come lo gestite oggi.

Tia Designs
https://tiadesigns.it"
"elettrodomesticiquark@gmail.com";"";"Quark Elettrodomestici";"Quark Elettrodomestici - Distinguere ricambi e assistenza al primo contatto";"Buongiorno,

sono il titolare di Tia Designs, a Mantova, e sviluppo siti e strumenti web su misura.

Invitate i clienti a contattarvi per disponibilità dei prodotti, ricambi e appuntamenti di riparazione.

Potrei sviluppare un modulo guidato per distinguere acquisto, ricerca ricambio e assistenza, raccogliendo marca, modello e descrizione prima del vostro ricontatto. L'obiettivo sarebbe ricevere informazioni più complete già al primo contatto.

È un aspetto che vorreste semplificare? Possiamo sentirci 10 minuti per capire come lo gestite oggi.

Tia Designs
https://tiadesigns.it"
"arelservice@libero.it";"";"Arel Service";"Arel Service - Un assistente per zona e richiesta di assistenza";"Buongiorno,

sono il titolare di Tia Designs, a Mantova, e sviluppo siti e strumenti web su misura.

Sul vostro sito spiegate nel dettaglio le zone coperte dall'assistenza e quelle escluse.

Potrei aggiungere al sito un chatbot AI in abbonamento mensile per chiedere comune e tipo di richiesta, spiegare la copertura pubblicata e raccogliere i dati dell'apparecchio per il vostro staff, senza formulare diagnosi. Partirei da risposte approvate da voi, con passaggio al personale per i casi specifici.

È un aspetto che vorreste semplificare? Possiamo sentirci 10 minuti per capire come lo gestite oggi.

Tia Designs
https://tiadesigns.it"
"contact@valwash.it";"";"Val Wash";"Val Wash - Dati più completi per le richieste di biancheria";"Buongiorno,

sono il titolare di Tia Designs, a Mantova, e sviluppo siti e strumenti web su misura.

Ho visto che vi occupate di lavaggio e noleggio industriale di biancheria piana in Lombardia e Trentino-Alto Adige.

Potrei sviluppare un modulo guidato per raccogliere tipologia di struttura, località, volumi indicativi e stagionalità, facilitando la preparazione di una proposta commerciale. L'obiettivo sarebbe ricevere informazioni più complete già al primo contatto.

È un aspetto che vorreste semplificare? Possiamo sentirci 10 minuti per capire come lo gestite oggi.

Tia Designs
https://tiadesigns.it"
"noloalmolo@gmail.com";"";"Noloalmolo";"Noloalmolo - Un assistente per organizzare le richieste di noleggio";"Buongiorno,

sono il titolare di Tia Designs, a Mantova, e sviluppo siti e strumenti web su misura.

Sul vostro sito distinguete il noleggio per giornata intera e mezza giornata e pubblicate le condizioni del servizio.

Potrei aggiungere al sito un chatbot AI in abbonamento mensile per rispondere alle domande organizzative sul noleggio e raccogliere data, fascia oraria e partecipanti, lasciando a voi conferme e valutazioni sulle uscite. Partirei da risposte approvate da voi, con passaggio al personale per i casi specifici.

È un aspetto che vorreste semplificare? Possiamo sentirci 10 minuti per capire come lo gestite oggi.

Tia Designs
https://tiadesigns.it"
"parma@autoscuolacrocetta.it";"";"Autoscuola Crocetta";"Autoscuola Crocetta - Richieste indirizzate alla sede giusta";"Buongiorno,

sono il titolare di Tia Designs, a Mantova, e sviluppo siti e strumenti web su misura.

Ho visto che avete più sedi, con recapiti dedicati per Crocetta, San Lazzaro e Langhirano.

Potrei sviluppare una piccola automazione per raccogliere sede preferita e servizio richiesto in un unico ingresso sul sito, inoltrando alla segreteria corretta il riepilogo per il ricontatto. Prima verificherei gli strumenti che usate già, per definire un intervento circoscritto.

È un aspetto che vorreste semplificare? Possiamo sentirci 10 minuti per capire come lo gestite oggi.

Tia Designs
https://tiadesigns.it"
"autoscuolapelosi@gmail.com";"";"Autoscuola Pelosi";"Autoscuola Pelosi - Un assistente per le richieste alla segreteria";"Buongiorno,

sono il titolare di Tia Designs, a Mantova, e sviluppo siti e strumenti web su misura.

Sul vostro sito presentate conseguimento patenti, recupero punti e revisioni della patente, con un modulo di contatto.

Potrei aggiungere al sito un chatbot AI in abbonamento mensile per presentare i servizi e gli orari e raccogliere il motivo del contatto per la segreteria, che confermerebbe percorso e appuntamento. Partirei da risposte approvate da voi, con passaggio al personale per i casi specifici.

È un aspetto che vorreste semplificare? Possiamo sentirci 10 minuti per capire come lo gestite oggi.

Tia Designs
https://tiadesigns.it"
"emiliascuoladiguida@gmail.com";"";"Emilia Scuola di Guida";"Emilia Scuola di Guida - Organizzare i primi appuntamenti in segreteria";"Buongiorno,

sono il titolare di Tia Designs, a Mantova, e sviluppo siti e strumenti web su misura.

Ho visto che invitate a contattarvi per informazioni, iscrizione e organizzazione delle lezioni presso la sede di Via Emilia Est.

Potrei aggiungere un percorso sul sito per raccogliere motivo del contatto e fasce orarie disponibili per un colloquio in segreteria, con conferma dell'appuntamento da parte vostra. Definirei con voi pochi dati essenziali e il passaggio di conferma.

È un aspetto che vorreste semplificare? Possiamo sentirci 10 minuti per capire come lo gestite oggi.

Tia Designs
https://tiadesigns.it"
"info@autoscuolabigi.it";"";"Autoscuola Bigi";"Autoscuola Bigi - Informazioni su corsi e sedi anche fuori orario";"Buongiorno,

sono il titolare di Tia Designs, a Mantova, e sviluppo siti e strumenti web su misura.

La vostra homepage distingue gli orari di teoria e guida tra Parma e Felino.

Potrei aggiungere al sito un chatbot AI in abbonamento mensile per rispondere alle domande su sedi e orari e raccogliere richieste di informazioni con sede preferita e recapito per la segreteria. Partirei da risposte approvate da voi, con passaggio al personale per i casi specifici.

È un aspetto che vorreste semplificare? Possiamo sentirci 10 minuti per capire come lo gestite oggi.

Tia Designs
https://tiadesigns.it"
"info99@autoscuolavolturno.it";"";"Autoscuola Volturno";"Autoscuola Volturno - Orientare le richieste tra patenti, CQC e pratiche";"Buongiorno,

sono il titolare di Tia Designs, a Mantova, e sviluppo siti e strumenti web su misura.

Ho visto che affiancate diverse categorie di patente, corsi CQC e pratiche, con due sedi a Parma.

Potrei aggiungere al sito un chatbot AI in abbonamento mensile per indirizzare le domande verso il servizio e la sede pertinenti e raccogliere una richiesta di ricontatto, lasciando alla segreteria la verifica del percorso. Partirei da risposte approvate da voi, con passaggio al personale per i casi specifici.

È un aspetto che vorreste semplificare? Possiamo sentirci 10 minuti per capire come lo gestite oggi.

Tia Designs
https://tiadesigns.it"
"autoscuolapilota@gmail.com";"";"Autoscuola Pilota";"Autoscuola Pilota - Completare il sito delle due sedi";"Buongiorno,

sono il titolare di Tia Designs, a Mantova, e sviluppo siti e strumenti web su misura.

Aprendo il vostro sito ho trovato l'indicazione di aggiornamento e i recapiti delle sedi di Parma e Collecchio.

Potrei sviluppare un sito essenziale per realizzare un sito essenziale con servizi, sedi, orari aggiornabili e richiesta di informazioni distinta per sede. Lo imposterei con contenuti e contatti aggiornabili in autonomia.

È un aspetto che vorreste semplificare? Possiamo sentirci 10 minuti per capire come lo gestite oggi.

Tia Designs
https://tiadesigns.it"
"info@mec-am.it";"";"Mec-Am";"Mec-Am - Un brief tecnico più completo dal sito";"Buongiorno,

sono il titolare di Tia Designs, a Mantova, e sviluppo siti e strumenti web su misura.

Sul vostro sito presentate macchinari industriali e ingranaggi speciali e raccogliete le richieste attraverso un modulo.

Potrei sviluppare un modulo guidato per raccogliere tipologia di componente o macchina, quantità, tempi richiesti e allegati tecnici, lasciando la valutazione alla vostra area commerciale e tecnica. L'obiettivo sarebbe ricevere informazioni più complete già al primo contatto.

È un aspetto che vorreste semplificare? Possiamo sentirci 10 minuti per capire come lo gestite oggi.

Tia Designs
https://tiadesigns.it"
"lavorazioni@condor-srl.it";"";"Condor Lavorazioni Acciaio Inox";"Condor Lavorazioni Acciaio Inox - Richieste di lavorazione con allegati e quantità";"Buongiorno,

sono il titolare di Tia Designs, a Mantova, e sviluppo siti e strumenti web su misura.

Ho visto la vostra pagina dedicata ai contatti per lavorazioni in acciaio inox, con richiesta di informazioni e preventivi.

Potrei sviluppare un modulo guidato per raccogliere lavorazione richiesta, quantità, tempi e disegni allegati, consegnando al vostro ufficio tecnico una richiesta ordinata da valutare. L'obiettivo sarebbe ricevere informazioni più complete già al primo contatto.

È un aspetto che vorreste semplificare? Possiamo sentirci 10 minuti per capire come lo gestite oggi.

Tia Designs
https://tiadesigns.it"
"robertobussei@tiscali.it";"";"Ferramenta Bussei";"Ferramenta Bussei - Richieste articoli con codice, quantità e foto";"Buongiorno,

sono il titolare di Tia Designs, a Mantova, e sviluppo siti e strumenti web su misura.

La vostra pagina contatti offre sia il modulo sia WhatsApp per le richieste dei clienti.

Potrei sviluppare un modulo guidato per raccogliere articolo o esigenza, eventuale codice, quantità e foto, così da agevolare la verifica del prodotto prima di rispondere. L'obiettivo sarebbe ricevere informazioni più complete già al primo contatto.

È un aspetto che vorreste semplificare? Possiamo sentirci 10 minuti per capire come lo gestite oggi.

Tia Designs
https://tiadesigns.it"
"info@airmar.it";"";"Airmar Viaggi Tour Operator";"Airmar Viaggi Tour Operator - Un modulo che raccoglie i dati del viaggio";"Buongiorno,

sono il titolare di Tia Designs, a Mantova, e sviluppo siti e strumenti web su misura.

Nella pagina contatti spiegate quali dettagli inserire nell'email di preventivo e che le richieste incomplete possono richiedere un confronto telefonico.

Potrei sviluppare un modulo guidato per chiedere tour, partenza, partecipanti e preferenze di soggiorno prima dell'invio, consegnandovi un riepilogo pronto da valutare. L'obiettivo sarebbe ricevere informazioni più complete già al primo contatto.

È un aspetto che vorreste semplificare? Possiamo sentirci 10 minuti per capire come lo gestite oggi.

Tia Designs
https://tiadesigns.it"
"info@weddell.it";"";"WEDDELL Tour Operator";"WEDDELL Tour Operator - Dal catalogo tour a una richiesta completa";"Buongiorno,

sono il titolare di Tia Designs, a Mantova, e sviluppo siti e strumenti web su misura.

Ho visto il vostro catalogo di tour e servizi in Sardegna, insieme ai contatti della sede di Ales e della filiale di Cagliari.

Potrei aggiungere al sito un chatbot AI in abbonamento mensile per aiutare il visitatore a trovare le informazioni dei tour e raccogliere destinazione, periodo e partecipanti, lasciando a voi preventivo e conferma. Partirei da risposte approvate da voi, con passaggio al personale per i casi specifici.

È un aspetto che vorreste semplificare? Possiamo sentirci 10 minuti per capire come lo gestite oggi.

Tia Designs
https://tiadesigns.it"
"info@cagliaritour.com";"";"Cagliari Tour - Sardinia Magic Experience";"Cagliari Tour - Sardinia Magic Experience - Richieste tour complete di data e lingua";"Buongiorno,

sono il titolare di Tia Designs, a Mantova, e sviluppo siti e strumenti web su misura.

Ho visto che organizzate visite per individuali e gruppi a Cagliari e nel sud Sardegna, in più lingue.

Potrei sviluppare un modulo guidato per raccogliere tour d'interesse, data, lingua e numero di partecipanti, con successiva verifica della disponibilità da parte vostra. L'obiettivo sarebbe ricevere informazioni più complete già al primo contatto.

È un aspetto che vorreste semplificare? Possiamo sentirci 10 minuti per capire come lo gestite oggi.

Tia Designs
https://tiadesigns.it"
"info@sostraslochi.com";"";"SOS Traslochi Roma";"SOS Traslochi Roma - Un preventivo guidato per deposito e trasloco";"Buongiorno,

sono il titolare di Tia Designs, a Mantova, e sviluppo siti e strumenti web su misura.

Sul vostro sito presentate il deposito mobili a Roma, anche insieme al trasloco, e invitate a chiedere una valutazione via telefono o email.

Potrei sviluppare un modulo guidato per raccogliere elenco indicativo dei beni, periodo di deposito e necessità di ritiro o riconsegna, preparando i dati per la vostra valutazione. L'obiettivo sarebbe ricevere informazioni più complete già al primo contatto.

È un aspetto che vorreste semplificare? Possiamo sentirci 10 minuti per capire come lo gestite oggi.

Tia Designs
https://tiadesigns.it"
"info@tripsardinia.com";"";"TripSardinia";"TripSardinia - Un brief dedicato alle richieste dei gruppi";"Buongiorno,

sono il titolare di Tia Designs, a Mantova, e sviluppo siti e strumenti web su misura.

Ho visto che affiancate escursioni per privati a esperienze per aziende, scuole e gruppi.

Potrei sviluppare un modulo guidato per distinguere il tipo di gruppo e raccogliere data, partecipanti, località e obiettivo dell'esperienza, così da aiutarvi a preparare una proposta mirata. L'obiettivo sarebbe ricevere informazioni più complete già al primo contatto.

È un aspetto che vorreste semplificare? Possiamo sentirci 10 minuti per capire come lo gestite oggi.

Tia Designs
https://tiadesigns.it"
"info@orsinilockers.com";"";"Orsini Lockers";"Orsini Lockers - Assistenza alle domande sul deposito bagagli";"Buongiorno,

sono il titolare di Tia Designs, a Mantova, e sviluppo siti e strumenti web su misura.

Nella pagina contatti invitate a scrivervi anche per esigenze particolari o difficoltà con la prenotazione del locker.

Potrei aggiungere al sito un chatbot AI in abbonamento mensile per rispondere in italiano e inglese alle domande su prenotazione e uso del deposito, passando al personale le richieste specifiche. Partirei da risposte approvate da voi, con passaggio al personale per i casi specifici.

È un aspetto che vorreste semplificare? Possiamo sentirci 10 minuti per capire come lo gestite oggi.

Tia Designs
https://tiadesigns.it"
"info@custodiamobiliroma.it";"";"Custodia Mobili Roma - Blasi Traslog";"Custodia Mobili Roma - Blasi Traslog - Dalle FAQ a una richiesta di deposito";"Buongiorno,

sono il titolare di Tia Designs, a Mantova, e sviluppo siti e strumenti web su misura.

Ho visto che siete la divisione deposito mobili di Blasi Traslog e che sul sito avete già una sezione di domande frequenti.

Potrei aggiungere al sito un chatbot AI in abbonamento mensile per rendere consultabili in conversazione le vostre FAQ e raccogliere periodo, tipo di beni ed esigenza di trasporto per una valutazione del personale. Partirei da risposte approvate da voi, con passaggio al personale per i casi specifici.

È un aspetto che vorreste semplificare? Possiamo sentirci 10 minuti per capire come lo gestite oggi.

Tia Designs
https://tiadesigns.it"
"etnatraslochi@gmail.com";"";"Etna Traslochi";"Etna Traslochi - Seguire i preventivi dopo il modulo deposito";"Buongiorno,

sono il titolare di Tia Designs, a Mantova, e sviluppo siti e strumenti web su misura.

Il vostro modulo deposito raccoglie già beni, dimensione stimata, durata e data di inizio: dati utili per seguire il preventivo.

Potrei sviluppare una piccola automazione per trasferire le richieste del modulo in un pannello con preventivo da preparare, responsabile e prossimo ricontatto, collegandolo ai vostri strumenti. Prima verificherei gli strumenti che usate già, per definire un intervento circoscritto.

È un aspetto che vorreste semplificare? Possiamo sentirci 10 minuti per capire come lo gestite oggi.

Tia Designs
https://tiadesigns.it"
"m.s.l.rabie@gmail.com";"";"MSL Traslochi Roma";"MSL Traslochi Roma - Dati diversi per ogni richiesta di trasloco";"Buongiorno,

sono il titolare di Tia Designs, a Mantova, e sviluppo siti e strumenti web su misura.

Sul vostro sito distinguete trasloco completo, solo trasporto, deposito e servizi per oggetti delicati.

Potrei sviluppare un modulo guidato per raccogliere il servizio scelto, origine e destinazione, periodo ed eventuali foto dei beni, così da preparare il contatto con il vostro incaricato. L'obiettivo sarebbe ricevere informazioni più complete già al primo contatto.

È un aspetto che vorreste semplificare? Possiamo sentirci 10 minuti per capire come lo gestite oggi.

Tia Designs
https://tiadesigns.it"
"info@traslochisat.it";"";"SAT Movers";"SAT Movers - Una richiesta unica per ritiro, deposito e riconsegna";"Buongiorno,

sono il titolare di Tia Designs, a Mantova, e sviluppo siti e strumenti web su misura.

Ho visto che offrite deposito mobili con ritiro e riconsegna e che il canone viene concordato in base al volume.

Potrei sviluppare un modulo guidato per raccogliere inventario indicativo, durata del deposito e indirizzi di ritiro e riconsegna, lasciando a voi la misura definitiva e il preventivo. L'obiettivo sarebbe ricevere informazioni più complete già al primo contatto.

È un aspetto che vorreste semplificare? Possiamo sentirci 10 minuti per capire come lo gestite oggi.

Tia Designs
https://tiadesigns.it"
"info@soluzionisalvaspazio.it";"";"Soluzioni Salvaspazio";"Soluzioni Salvaspazio - Un assistente tra e-commerce e showroom";"Buongiorno,

sono il titolare di Tia Designs, a Mantova, e sviluppo siti e strumenti web su misura.

Sul vostro sito affiancate l'e-commerce a due showroom a Roma e pubblicate informazioni su consegna e montaggio.

Potrei aggiungere al sito un chatbot AI in abbonamento mensile per rispondere alle domande organizzative su acquisto, consegna e showroom e raccogliere una richiesta sul prodotto, con passaggio al vostro personale per i dettagli specifici. Partirei da risposte approvate da voi, con passaggio al personale per i casi specifici.

È un aspetto che vorreste semplificare? Possiamo sentirci 10 minuti per capire come lo gestite oggi.

Tia Designs
https://tiadesigns.it"
"info@smartraslochi.com";"";"Smart Traslochi";"Smart Traslochi - Organizzare le richieste di accesso al deposito";"Buongiorno,

sono il titolare di Tia Designs, a Mantova, e sviluppo siti e strumenti web su misura.

Ho visto che il vostro deposito può essere utilizzato anche senza trasloco e che l'accesso ai beni viene organizzato su appuntamento.

Potrei aggiungere un percorso sul sito per raccogliere le richieste di accesso al deposito con fascia desiderata e motivo della visita, mantenendo a voi la conferma. Definirei con voi pochi dati essenziali e il passaggio di conferma.

È un aspetto che vorreste semplificare? Possiamo sentirci 10 minuti per capire come lo gestite oggi.

Tia Designs
https://tiadesigns.it"
"info@dadirent.it";"";"DaDi Rent";"DaDi Rent - Domande sul noleggio anche in inglese";"Buongiorno,

sono il titolare di Tia Designs, a Mantova, e sviluppo siti e strumenti web su misura.

Ho visto che il vostro sito presenta la flotta e informazioni per chi vuole noleggiare un'imbarcazione da Livorno.

Potrei aggiungere al sito un chatbot AI in abbonamento mensile per rispondere in italiano e inglese alle domande organizzative e indirizzare alla prenotazione o al personale in base alla richiesta. Partirei da risposte approvate da voi, con passaggio al personale per i casi specifici.

È un aspetto che vorreste semplificare? Possiamo sentirci 10 minuti per capire come lo gestite oggi.

Tia Designs
https://tiadesigns.it"
"info@apmstorage.com";"";"APM Storage";"APM Storage - Una lista giornaliera degli accessi richiesti";"Buongiorno,

sono il titolare di Tia Designs, a Mantova, e sviluppo siti e strumenti web su misura.

La pagina dedicata a Roma presenta diverse misure di deposito e specifica che l'accesso al box avviene su prenotazione.

Potrei aggiungere un percorso sul sito per raccogliere le richieste di accesso al box con giorno e fascia desiderata e preparare una lista giornaliera per lo staff, con conferma manuale. Definirei con voi pochi dati essenziali e il passaggio di conferma.

È un aspetto che vorreste semplificare? Possiamo sentirci 10 minuti per capire come lo gestite oggi.

Tia Designs
https://tiadesigns.it"
"info@autoscuolaviolafirenze.it";"";"AUTOSCUOLA VIOLA FIRENZE e SCANDICCI";"AUTOSCUOLA VIOLA FIRENZE e SCANDICCI - Chatbot AI per autoscuola";"Buongiorno,

sono il titolare di Tia Designs, a Mantova, e sviluppo siti e strumenti web su misura.

Ho visto che presentate servizi di autoscuola e richieste legate a patenti o pratiche.

Potrei aggiungere al sito un chatbot AI in abbonamento mensile per rispondere alle domande su sedi, servizi e orari e raccogliere una richiesta di ricontatto per la segreteria. Partirei da risposte approvate da voi, con passaggio al personale per i casi specifici.

È un aspetto che vorreste semplificare? Possiamo sentirci 10 minuti per capire come lo gestite oggi.

Tia Designs
https://tiadesigns.it"
"info@autoscuolagiulia.net";"";"Autoscuola Giulia Milano";"Autoscuola Giulia Milano - Chatbot AI per autoscuola";"Buongiorno,

sono il titolare di Tia Designs, a Mantova, e sviluppo siti e strumenti web su misura.

Ho visto che presentate servizi di autoscuola e richieste legate a patenti o pratiche.

Potrei aggiungere al sito un chatbot AI in abbonamento mensile per rispondere alle domande su sedi, servizi e orari e raccogliere una richiesta di ricontatto per la segreteria. Partirei da risposte approvate da voi, con passaggio al personale per i casi specifici.

È un aspetto che vorreste semplificare? Possiamo sentirci 10 minuti per capire come lo gestite oggi.

Tia Designs
https://tiadesigns.it"
"autoscuolaigomassimo@gmail.com";"";"Autoscuola iGO – Autoscuola iGO – Galluzzo (Firenze) – di Giovanni Carmignani";"Autoscuola iGO – Autoscuola iGO – Galluzzo (Firenze) – di Giovanni Carmignani - Chatbot AI per autoscuola";"Buongiorno,

sono il titolare di Tia Designs, a Mantova, e sviluppo siti e strumenti web su misura.

Ho visto che presentate servizi di autoscuola e richieste legate a patenti o pratiche.

Potrei aggiungere al sito un chatbot AI in abbonamento mensile per rispondere alle domande su sedi, servizi e orari e raccogliere una richiesta di ricontatto per la segreteria. Partirei da risposte approvate da voi, con passaggio al personale per i casi specifici.

È un aspetto che vorreste semplificare? Possiamo sentirci 10 minuti per capire come lo gestite oggi.

Tia Designs
https://tiadesigns.it"
"napoli.vomero@inlingua.it";"";"inlingua Napoli. Scuola di lingua. Corsi di lingua in inglese e in altre 13 lingue.";"inlingua Napoli. Scuola di lingua. Corsi di lingua in inglese e in altre 13 lingue. - Chatbot AI per scuola di lingue";"Buongiorno,

sono il titolare di Tia Designs, a Mantova, e sviluppo siti e strumenti web su misura.

Ho visto che presentate percorsi linguistici e un canale per chiedere informazioni.

Potrei aggiungere al sito un chatbot AI in abbonamento mensile per orientare tra corsi e livelli e raccogliere lingua, obiettivo e disponibilità per la segreteria. Partirei da risposte approvate da voi, con passaggio al personale per i casi specifici.

È un aspetto che vorreste semplificare? Possiamo sentirci 10 minuti per capire come lo gestite oggi.

Tia Designs
https://tiadesigns.it"
"csformailtuofuturo@gmail.com";"";"Centro Studi Forma il Tuo Futuro";"Centro Studi Forma il Tuo Futuro - Chatbot AI per scuola di lingue";"Buongiorno,

sono il titolare di Tia Designs, a Mantova, e sviluppo siti e strumenti web su misura.

Ho visto che presentate percorsi linguistici e un canale per chiedere informazioni.

Potrei aggiungere al sito un chatbot AI in abbonamento mensile per orientare tra corsi e livelli e raccogliere lingua, obiettivo e disponibilità per la segreteria. Partirei da risposte approvate da voi, con passaggio al personale per i casi specifici.

È un aspetto che vorreste semplificare? Possiamo sentirci 10 minuti per capire come lo gestite oggi.

Tia Designs
https://tiadesigns.it"
"info@speakupschool.it";"";"Speak Up School";"Speak Up School - Chatbot AI per scuola di lingue";"Buongiorno,

sono il titolare di Tia Designs, a Mantova, e sviluppo siti e strumenti web su misura.

Ho visto che presentate percorsi linguistici e un canale per chiedere informazioni.

Potrei aggiungere al sito un chatbot AI in abbonamento mensile per orientare tra corsi e livelli e raccogliere lingua, obiettivo e disponibilità per la segreteria. Partirei da risposte approvate da voi, con passaggio al personale per i casi specifici.

È un aspetto che vorreste semplificare? Possiamo sentirci 10 minuti per capire come lo gestite oggi.

Tia Designs
https://tiadesigns.it"
"contatti@newchallengeinstitute.it";"";"i Servizi | New Challenge Institute";"i Servizi | New Challenge Institute - Chatbot AI per scuola di lingue";"Buongiorno,

sono il titolare di Tia Designs, a Mantova, e sviluppo siti e strumenti web su misura.

Ho visto che presentate percorsi linguistici e un canale per chiedere informazioni.

Potrei aggiungere al sito un chatbot AI in abbonamento mensile per orientare tra corsi e livelli e raccogliere lingua, obiettivo e disponibilità per la segreteria. Partirei da risposte approvate da voi, con passaggio al personale per i casi specifici.

È un aspetto che vorreste semplificare? Possiamo sentirci 10 minuti per capire come lo gestite oggi.

Tia Designs
https://tiadesigns.it"
"coworking@mezzariacommunityhub.it";"";"call CoWorking Mezz’aria – Mezzaria Community Hub";"call CoWorking Mezz’aria – Mezzaria Community Hub - Chatbot AI per coworking";"Buongiorno,

sono il titolare di Tia Designs, a Mantova, e sviluppo siti e strumenti web su misura.

Ho visto che presentate postazioni e spazi di lavoro prenotabili.

Potrei aggiungere al sito un chatbot AI in abbonamento mensile per presentare postazioni e sale e raccogliere una richiesta di visita o prenotazione. Partirei da risposte approvate da voi, con passaggio al personale per i casi specifici.

È un aspetto che vorreste semplificare? Possiamo sentirci 10 minuti per capire come lo gestite oggi.

Tia Designs
https://tiadesigns.it"
"info@spaziocoworkingbologna.it";"";"Spazio Coworking Bologna";"Spazio Coworking Bologna - Chatbot AI per coworking";"Buongiorno,

sono il titolare di Tia Designs, a Mantova, e sviluppo siti e strumenti web su misura.

Ho visto che presentate postazioni e spazi di lavoro prenotabili.

Potrei aggiungere al sito un chatbot AI in abbonamento mensile per presentare postazioni e sale e raccogliere una richiesta di visita o prenotazione. Partirei da risposte approvate da voi, con passaggio al personale per i casi specifici.

È un aspetto che vorreste semplificare? Possiamo sentirci 10 minuti per capire come lo gestite oggi.

Tia Designs
https://tiadesigns.it"
"info@studioandreozzi.com";"";"Studio Andreozzi";"Studio Andreozzi - Chatbot AI per coworking";"Buongiorno,

sono il titolare di Tia Designs, a Mantova, e sviluppo siti e strumenti web su misura.

Ho visto che presentate postazioni e spazi di lavoro prenotabili.

Potrei aggiungere al sito un chatbot AI in abbonamento mensile per presentare postazioni e sale e raccogliere una richiesta di visita o prenotazione. Partirei da risposte approvate da voi, con passaggio al personale per i casi specifici.

È un aspetto che vorreste semplificare? Possiamo sentirci 10 minuti per capire come lo gestite oggi.

Tia Designs
https://tiadesigns.it"
"booking@goodays.it";"";"aci - Goodays Tour Operator";"aci - Goodays Tour Operator - Chatbot AI per tour operator e viaggi";"Buongiorno,

sono il titolare di Tia Designs, a Mantova, e sviluppo siti e strumenti web su misura.

Ho visto che organizzate viaggi o esperienze e ricevete richieste di preventivo.

Potrei aggiungere al sito un chatbot AI in abbonamento mensile per raccogliere destinazione, periodo, partecipanti e tipo di esperienza per il primo preventivo. Partirei da risposte approvate da voi, con passaggio al personale per i casi specifici.

È un aspetto che vorreste semplificare? Possiamo sentirci 10 minuti per capire come lo gestite oggi.

Tia Designs
https://tiadesigns.it"
"info@milleuraviaggi.it";"";"Milleura Viaggi Contatti";"Milleura Viaggi Contatti - Chatbot AI per tour operator e viaggi";"Buongiorno,

sono il titolare di Tia Designs, a Mantova, e sviluppo siti e strumenti web su misura.

Ho visto che organizzate viaggi o esperienze e ricevete richieste di preventivo.

Potrei aggiungere al sito un chatbot AI in abbonamento mensile per raccogliere destinazione, periodo, partecipanti e tipo di esperienza per il primo preventivo. Partirei da risposte approvate da voi, con passaggio al personale per i casi specifici.

È un aspetto che vorreste semplificare? Possiamo sentirci 10 minuti per capire come lo gestite oggi.

Tia Designs
https://tiadesigns.it"
"info@viatiustour.it";"";"viatius.it";"viatius.it - Chatbot AI per tour operator e viaggi";"Buongiorno,

sono il titolare di Tia Designs, a Mantova, e sviluppo siti e strumenti web su misura.

Ho visto che organizzate viaggi o esperienze e ricevete richieste di preventivo.

Potrei aggiungere al sito un chatbot AI in abbonamento mensile per raccogliere destinazione, periodo, partecipanti e tipo di esperienza per il primo preventivo. Partirei da risposte approvate da voi, con passaggio al personale per i casi specifici.

È un aspetto che vorreste semplificare? Possiamo sentirci 10 minuti per capire come lo gestite oggi.

Tia Designs
https://tiadesigns.it"
"info@coretur.it";"";"Coretur";"Coretur - Chatbot AI per tour operator e viaggi";"Buongiorno,

sono il titolare di Tia Designs, a Mantova, e sviluppo siti e strumenti web su misura.

Ho visto che organizzate viaggi o esperienze e ricevete richieste di preventivo.

Potrei aggiungere al sito un chatbot AI in abbonamento mensile per raccogliere destinazione, periodo, partecipanti e tipo di esperienza per il primo preventivo. Partirei da risposte approvate da voi, con passaggio al personale per i casi specifici.

È un aspetto che vorreste semplificare? Possiamo sentirci 10 minuti per capire come lo gestite oggi.

Tia Designs
https://tiadesigns.it"
"operations@barimar.it";"";"Barimar Srl - Contatti";"Barimar Srl - Contatti - Chatbot AI per tour operator e viaggi";"Buongiorno,

sono il titolare di Tia Designs, a Mantova, e sviluppo siti e strumenti web su misura.

Ho visto che organizzate viaggi o esperienze e ricevete richieste di preventivo.

Potrei aggiungere al sito un chatbot AI in abbonamento mensile per raccogliere destinazione, periodo, partecipanti e tipo di esperienza per il primo preventivo. Partirei da risposte approvate da voi, con passaggio al personale per i casi specifici.

È un aspetto che vorreste semplificare? Possiamo sentirci 10 minuti per capire come lo gestite oggi.

Tia Designs
https://tiadesigns.it"
"booking@tagliavia.it";"";"Tagliavia - Agenti di Viaggio";"Tagliavia - Agenti di Viaggio - Chatbot AI per tour operator e viaggi";"Buongiorno,

sono il titolare di Tia Designs, a Mantova, e sviluppo siti e strumenti web su misura.

Ho visto che organizzate viaggi o esperienze e ricevete richieste di preventivo.

Potrei aggiungere al sito un chatbot AI in abbonamento mensile per raccogliere destinazione, periodo, partecipanti e tipo di esperienza per il primo preventivo. Partirei da risposte approvate da voi, con passaggio al personale per i casi specifici.

È un aspetto che vorreste semplificare? Possiamo sentirci 10 minuti per capire come lo gestite oggi.

Tia Designs
https://tiadesigns.it"
"info@go4sea.com";"";"GO4SEA";"GO4SEA - Chatbot AI per tour operator e viaggi";"Buongiorno,

sono il titolare di Tia Designs, a Mantova, e sviluppo siti e strumenti web su misura.

Ho visto che organizzate viaggi o esperienze e ricevete richieste di preventivo.

Potrei aggiungere al sito un chatbot AI in abbonamento mensile per raccogliere destinazione, periodo, partecipanti e tipo di esperienza per il primo preventivo. Partirei da risposte approvate da voi, con passaggio al personale per i casi specifici.

È un aspetto che vorreste semplificare? Possiamo sentirci 10 minuti per capire come lo gestite oggi.

Tia Designs
https://tiadesigns.it"
"autoscuolamilloni@gmail.com";"";"Scuola guida Bari | Autoscuola Milloni patenti A B C D CQC";"Scuola guida Bari | Autoscuola Milloni patenti A B C D CQC - Chatbot AI per autoscuola";"Buongiorno,

sono il titolare di Tia Designs, a Mantova, e sviluppo siti e strumenti web su misura.

Ho visto che presentate servizi di autoscuola e richieste legate a patenti o pratiche.

Potrei aggiungere al sito un chatbot AI in abbonamento mensile per rispondere alle domande su sedi, servizi e orari e raccogliere una richiesta di ricontatto per la segreteria. Partirei da risposte approvate da voi, con passaggio al personale per i casi specifici.

È un aspetto che vorreste semplificare? Possiamo sentirci 10 minuti per capire come lo gestite oggi.

Tia Designs
https://tiadesigns.it"
"info@autoscuolasprint.com";"";"Autoscuola SPRINT";"Autoscuola SPRINT - Chatbot AI per autoscuola";"Buongiorno,

sono il titolare di Tia Designs, a Mantova, e sviluppo siti e strumenti web su misura.

Ho visto che presentate servizi di autoscuola e richieste legate a patenti o pratiche.

Potrei aggiungere al sito un chatbot AI in abbonamento mensile per rispondere alle domande su sedi, servizi e orari e raccogliere una richiesta di ricontatto per la segreteria. Partirei da risposte approvate da voi, con passaggio al personale per i casi specifici.

È un aspetto che vorreste semplificare? Possiamo sentirci 10 minuti per capire come lo gestite oggi.

Tia Designs
https://tiadesigns.it"
"autoscuolaserasmo53@gmail.com";"";"aci - Autoscuola Sant'Erasmo";"aci - Autoscuola Sant'Erasmo - Chatbot AI per autoscuola";"Buongiorno,

sono il titolare di Tia Designs, a Mantova, e sviluppo siti e strumenti web su misura.

Ho visto che presentate servizi di autoscuola e richieste legate a patenti o pratiche.

Potrei aggiungere al sito un chatbot AI in abbonamento mensile per rispondere alle domande su sedi, servizi e orari e raccogliere una richiesta di ricontatto per la segreteria. Partirei da risposte approvate da voi, con passaggio al personale per i casi specifici.

È un aspetto che vorreste semplificare? Possiamo sentirci 10 minuti per capire come lo gestite oggi.

Tia Designs
https://tiadesigns.it"
"autoscuolaroma@hotmail.it";"";"Autoscuola Roma| Autoscuola Roma si trova a Palermo con esperienza di 20 anni";"Autoscuola Roma| Autoscuola Roma si trova a Palermo con esperienza di 20 anni - Chatbot AI per autoscuola";"Buongiorno,

sono il titolare di Tia Designs, a Mantova, e sviluppo siti e strumenti web su misura.

Ho visto che presentate servizi di autoscuola e richieste legate a patenti o pratiche.

Potrei aggiungere al sito un chatbot AI in abbonamento mensile per rispondere alle domande su sedi, servizi e orari e raccogliere una richiesta di ricontatto per la segreteria. Partirei da risposte approvate da voi, con passaggio al personale per i casi specifici.

È un aspetto che vorreste semplificare? Possiamo sentirci 10 minuti per capire come lo gestite oggi.

Tia Designs
https://tiadesigns.it"
"ba044@delegazioni.aci.it";"";"Autoscuola Cramarossa - Delegazione Aci - Sannicandro di Bari";"Autoscuola Cramarossa - Delegazione Aci - Sannicandro di Bari - Chatbot AI per autoscuola";"Buongiorno,

sono il titolare di Tia Designs, a Mantova, e sviluppo siti e strumenti web su misura.

Ho visto che presentate servizi di autoscuola e richieste legate a patenti o pratiche.

Potrei aggiungere al sito un chatbot AI in abbonamento mensile per rispondere alle domande su sedi, servizi e orari e raccogliere una richiesta di ricontatto per la segreteria. Partirei da risposte approvate da voi, con passaggio al personale per i casi specifici.

È un aspetto che vorreste semplificare? Possiamo sentirci 10 minuti per capire come lo gestite oggi.

Tia Designs
https://tiadesigns.it"
"scuolaguidafranco@gmail.com";"";"· Autoscuola Franco Genova";"· Autoscuola Franco Genova - Chatbot AI per autoscuola";"Buongiorno,

sono il titolare di Tia Designs, a Mantova, e sviluppo siti e strumenti web su misura.

Ho visto che presentate servizi di autoscuola e richieste legate a patenti o pratiche.

Potrei aggiungere al sito un chatbot AI in abbonamento mensile per rispondere alle domande su sedi, servizi e orari e raccogliere una richiesta di ricontatto per la segreteria. Partirei da risposte approvate da voi, con passaggio al personale per i casi specifici.

È un aspetto che vorreste semplificare? Possiamo sentirci 10 minuti per capire come lo gestite oggi.

Tia Designs
https://tiadesigns.it"
"info@universalspeaking.com";"";"scuola di lingue Universal Speaking | Richiedi informazioni";"scuola di lingue Universal Speaking | Richiedi informazioni - Chatbot AI per scuola di lingue";"Buongiorno,

sono il titolare di Tia Designs, a Mantova, e sviluppo siti e strumenti web su misura.

Ho visto che presentate percorsi linguistici e un canale per chiedere informazioni.

Potrei aggiungere al sito un chatbot AI in abbonamento mensile per orientare tra corsi e livelli e raccogliere lingua, obiettivo e disponibilità per la segreteria. Partirei da risposte approvate da voi, con passaggio al personale per i casi specifici.

È un aspetto che vorreste semplificare? Possiamo sentirci 10 minuti per capire come lo gestite oggi.

Tia Designs
https://tiadesigns.it"
"svegliobologna@gmail.com";"";"Sveglio-Scuola di Lingue";"Sveglio-Scuola di Lingue - Chatbot AI per scuola di lingue";"Buongiorno,

sono il titolare di Tia Designs, a Mantova, e sviluppo siti e strumenti web su misura.

Ho visto che presentate percorsi linguistici e un canale per chiedere informazioni.

Potrei aggiungere al sito un chatbot AI in abbonamento mensile per orientare tra corsi e livelli e raccogliere lingua, obiettivo e disponibilità per la segreteria. Partirei da risposte approvate da voi, con passaggio al personale per i casi specifici.

È un aspetto che vorreste semplificare? Possiamo sentirci 10 minuti per capire come lo gestite oggi.

Tia Designs
https://tiadesigns.it"
"info@corsilinguebologna.it";"";"C.I.L.F. | International Language Center";"C.I.L.F. | International Language Center - Chatbot AI per scuola di lingue";"Buongiorno,

sono il titolare di Tia Designs, a Mantova, e sviluppo siti e strumenti web su misura.

Ho visto che presentate percorsi linguistici e un canale per chiedere informazioni.

Potrei aggiungere al sito un chatbot AI in abbonamento mensile per orientare tra corsi e livelli e raccogliere lingua, obiettivo e disponibilità per la segreteria. Partirei da risposte approvate da voi, con passaggio al personale per i casi specifici.

È un aspetto che vorreste semplificare? Possiamo sentirci 10 minuti per capire come lo gestite oggi.

Tia Designs
https://tiadesigns.it"
"info@oneworldcagliari.com";"";"Conttati per One World, scuola di lingue a Cagliari";"Conttati per One World, scuola di lingue a Cagliari - Chatbot AI per scuola di lingue";"Buongiorno,

sono il titolare di Tia Designs, a Mantova, e sviluppo siti e strumenti web su misura.

Ho visto che presentate percorsi linguistici e un canale per chiedere informazioni.

Potrei aggiungere al sito un chatbot AI in abbonamento mensile per orientare tra corsi e livelli e raccogliere lingua, obiettivo e disponibilità per la segreteria. Partirei da risposte approvate da voi, con passaggio al personale per i casi specifici.

È un aspetto che vorreste semplificare? Possiamo sentirci 10 minuti per capire come lo gestite oggi.

Tia Designs
https://tiadesigns.it"
"info@cail.it";"";"Lavora con noi - CAIL Scuola di lingue";"Lavora con noi - CAIL Scuola di lingue - Chatbot AI per scuola di lingue";"Buongiorno,

sono il titolare di Tia Designs, a Mantova, e sviluppo siti e strumenti web su misura.

Ho visto che presentate percorsi linguistici e un canale per chiedere informazioni.

Potrei aggiungere al sito un chatbot AI in abbonamento mensile per orientare tra corsi e livelli e raccogliere lingua, obiettivo e disponibilità per la segreteria. Partirei da risposte approvate da voi, con passaggio al personale per i casi specifici.

È un aspetto che vorreste semplificare? Possiamo sentirci 10 minuti per capire come lo gestite oggi.

Tia Designs
https://tiadesigns.it"
"info@istitutoamericano.it";"";"a la scuola di lingua inglese Istituto Americano";"a la scuola di lingua inglese Istituto Americano - Chatbot AI per scuola di lingue";"Buongiorno,

sono il titolare di Tia Designs, a Mantova, e sviluppo siti e strumenti web su misura.

Ho visto che presentate percorsi linguistici e un canale per chiedere informazioni.

Potrei aggiungere al sito un chatbot AI in abbonamento mensile per orientare tra corsi e livelli e raccogliere lingua, obiettivo e disponibilità per la segreteria. Partirei da risposte approvate da voi, con passaggio al personale per i casi specifici.

È un aspetto che vorreste semplificare? Possiamo sentirci 10 minuti per capire come lo gestite oggi.

Tia Designs
https://tiadesigns.it"
"info@coworkingpalermo.it";"";"Uffici temporanei | Palermo | Coworking Palermo Empower";"Uffici temporanei | Palermo | Coworking Palermo Empower - Chatbot AI per coworking";"Buongiorno,

sono il titolare di Tia Designs, a Mantova, e sviluppo siti e strumenti web su misura.

Ho visto che presentate postazioni e spazi di lavoro prenotabili.

Potrei aggiungere al sito un chatbot AI in abbonamento mensile per presentare postazioni e sale e raccogliere una richiesta di visita o prenotazione. Partirei da risposte approvate da voi, con passaggio al personale per i casi specifici.

È un aspetto che vorreste semplificare? Possiamo sentirci 10 minuti per capire come lo gestite oggi.

Tia Designs
https://tiadesigns.it"
"larocca@isolastudio.it";"";"Coworking Bari | Isola Creative Space";"Coworking Bari | Isola Creative Space - Chatbot AI per coworking";"Buongiorno,

sono il titolare di Tia Designs, a Mantova, e sviluppo siti e strumenti web su misura.

Ho visto che presentate postazioni e spazi di lavoro prenotabili.

Potrei aggiungere al sito un chatbot AI in abbonamento mensile per presentare postazioni e sale e raccogliere una richiesta di visita o prenotazione. Partirei da risposte approvate da voi, con passaggio al personale per i casi specifici.

È un aspetto che vorreste semplificare? Possiamo sentirci 10 minuti per capire come lo gestite oggi.

Tia Designs
https://tiadesigns.it"
"info@farofuturo.it";"";"Faro Futuro Coworking Bari";"Faro Futuro Coworking Bari - Chatbot AI per coworking";"Buongiorno,

sono il titolare di Tia Designs, a Mantova, e sviluppo siti e strumenti web su misura.

Ho visto che presentate postazioni e spazi di lavoro prenotabili.

Potrei aggiungere al sito un chatbot AI in abbonamento mensile per presentare postazioni e sale e raccogliere una richiesta di visita o prenotazione. Partirei da risposte approvate da voi, con passaggio al personale per i casi specifici.

È un aspetto che vorreste semplificare? Possiamo sentirci 10 minuti per capire come lo gestite oggi.

Tia Designs
https://tiadesigns.it"
"bageco.centroservizi@gmail.com";"";"LE NOSTRE STANZE – GE.CO. | Coworking Center";"LE NOSTRE STANZE – GE.CO. | Coworking Center - Chatbot AI per coworking";"Buongiorno,

sono il titolare di Tia Designs, a Mantova, e sviluppo siti e strumenti web su misura.

Ho visto che presentate postazioni e spazi di lavoro prenotabili.

Potrei aggiungere al sito un chatbot AI in abbonamento mensile per presentare postazioni e sale e raccogliere una richiesta di visita o prenotazione. Partirei da risposte approvate da voi, con passaggio al personale per i casi specifici.

È un aspetto che vorreste semplificare? Possiamo sentirci 10 minuti per capire come lo gestite oggi.

Tia Designs
https://tiadesigns.it"
"reception@cocoworking.it";"";"Cocò Working Torino | Chi Siamo";"Cocò Working Torino | Chi Siamo - Chatbot AI per coworking";"Buongiorno,

sono il titolare di Tia Designs, a Mantova, e sviluppo siti e strumenti web su misura.

Ho visto che presentate postazioni e spazi di lavoro prenotabili.

Potrei aggiungere al sito un chatbot AI in abbonamento mensile per presentare postazioni e sale e raccogliere una richiesta di visita o prenotazione. Partirei da risposte approvate da voi, con passaggio al personale per i casi specifici.

È un aspetto che vorreste semplificare? Possiamo sentirci 10 minuti per capire come lo gestite oggi.

Tia Designs
https://tiadesigns.it"
"info@iopitour.com";"";"Iopitour - Tour Operator in Sicilia: Contatti";"Iopitour - Tour Operator in Sicilia: Contatti - Chatbot AI per tour operator e viaggi";"Buongiorno,

sono il titolare di Tia Designs, a Mantova, e sviluppo siti e strumenti web su misura.

Ho visto che organizzate viaggi o esperienze e ricevete richieste di preventivo.

Potrei aggiungere al sito un chatbot AI in abbonamento mensile per raccogliere destinazione, periodo, partecipanti e tipo di esperienza per il primo preventivo. Partirei da risposte approvate da voi, con passaggio al personale per i casi specifici.

È un aspetto che vorreste semplificare? Possiamo sentirci 10 minuti per capire come lo gestite oggi.

Tia Designs
https://tiadesigns.it"
"info@toscanacampernautica.it";"";"Toscana Camper";"Toscana Camper - Chatbot AI per noleggio camper";"Buongiorno,

sono il titolare di Tia Designs, a Mantova, e sviluppo siti e strumenti web su misura.

Ho visto che presentate il noleggio camper e un canale per le richieste.

Potrei aggiungere al sito un chatbot AI in abbonamento mensile per raccogliere periodo, equipaggio e preferenze sul mezzo per una prima richiesta ordinata. Partirei da risposte approvate da voi, con passaggio al personale per i casi specifici.

È un aspetto che vorreste semplificare? Possiamo sentirci 10 minuti per capire come lo gestite oggi.

Tia Designs
https://tiadesigns.it"
"preventivicamper@gmail.com";"";"Noleggio Camper a Torino";"Noleggio Camper a Torino - Chatbot AI per noleggio camper";"Buongiorno,

sono il titolare di Tia Designs, a Mantova, e sviluppo siti e strumenti web su misura.

Ho visto che presentate il noleggio camper e un canale per le richieste.

Potrei aggiungere al sito un chatbot AI in abbonamento mensile per raccogliere periodo, equipaggio e preferenze sul mezzo per una prima richiesta ordinata. Partirei da risposte approvate da voi, con passaggio al personale per i casi specifici.

È un aspetto che vorreste semplificare? Possiamo sentirci 10 minuti per capire come lo gestite oggi.

Tia Designs
https://tiadesigns.it"
"claudio.m@hakunatravel.it";"";"Hakuna Travel Tour Operatorcontatti";"Hakuna Travel Tour Operatorcontatti - Chatbot AI per tour operator e viaggi";"Buongiorno,

sono il titolare di Tia Designs, a Mantova, e sviluppo siti e strumenti web su misura.

Ho visto che organizzate viaggi o esperienze e ricevete richieste di preventivo.

Potrei aggiungere al sito un chatbot AI in abbonamento mensile per raccogliere destinazione, periodo, partecipanti e tipo di esperienza per il primo preventivo. Partirei da risposte approvate da voi, con passaggio al personale per i casi specifici.

È un aspetto che vorreste semplificare? Possiamo sentirci 10 minuti per capire come lo gestite oggi.

Tia Designs
https://tiadesigns.it"
"flycamper@flycamper.it";"";"FlyCamper";"FlyCamper - Chatbot AI per noleggio camper";"Buongiorno,

sono il titolare di Tia Designs, a Mantova, e sviluppo siti e strumenti web su misura.

Ho visto che presentate il noleggio camper e un canale per le richieste.

Potrei aggiungere al sito un chatbot AI in abbonamento mensile per raccogliere periodo, equipaggio e preferenze sul mezzo per una prima richiesta ordinata. Partirei da risposte approvate da voi, con passaggio al personale per i casi specifici.

È un aspetto che vorreste semplificare? Possiamo sentirci 10 minuti per capire come lo gestite oggi.

Tia Designs
https://tiadesigns.it"
"segreteria@ruffinisport.it";"";"Ruffini padel club |";"Ruffini padel club | - Chatbot AI per centro sportivo";"Buongiorno,

sono il titolare di Tia Designs, a Mantova, e sviluppo siti e strumenti web su misura.

Ho visto che presentate attività sportive e modalità per chiedere informazioni.

Potrei aggiungere al sito un chatbot AI in abbonamento mensile per presentare corsi e attività e raccogliere interesse, fascia oraria e recapito. Partirei da risposte approvate da voi, con passaggio al personale per i casi specifici.

È un aspetto che vorreste semplificare? Possiamo sentirci 10 minuti per capire come lo gestite oggi.

Tia Designs
https://tiadesigns.it"
"padelclubconstanta@gmail.com";"";"Probuss Srl";"Probuss Srl - Chatbot AI per centro sportivo";"Buongiorno,

sono il titolare di Tia Designs, a Mantova, e sviluppo siti e strumenti web su misura.

Ho visto che presentate attività sportive e modalità per chiedere informazioni.

Potrei aggiungere al sito un chatbot AI in abbonamento mensile per presentare corsi e attività e raccogliere interesse, fascia oraria e recapito. Partirei da risposte approvate da voi, con passaggio al personale per i casi specifici.

È un aspetto che vorreste semplificare? Possiamo sentirci 10 minuti per capire come lo gestite oggi.

Tia Designs
https://tiadesigns.it"
"info@centrocalcetto.it";"";"Centro Calcetto Padel";"Centro Calcetto Padel - Chatbot AI per centro sportivo";"Buongiorno,

sono il titolare di Tia Designs, a Mantova, e sviluppo siti e strumenti web su misura.

Ho visto che presentate attività sportive e modalità per chiedere informazioni.

Potrei aggiungere al sito un chatbot AI in abbonamento mensile per presentare corsi e attività e raccogliere interesse, fascia oraria e recapito. Partirei da risposte approvate da voi, con passaggio al personale per i casi specifici.

È un aspetto che vorreste semplificare? Possiamo sentirci 10 minuti per capire come lo gestite oggi.

Tia Designs
https://tiadesigns.it"
"info@playpadelstore.com";"";"Negozio Padel a Torino | PlayPadel Store";"Negozio Padel a Torino | PlayPadel Store - Chatbot AI per centro sportivo";"Buongiorno,

sono il titolare di Tia Designs, a Mantova, e sviluppo siti e strumenti web su misura.

Ho visto che presentate attività sportive e modalità per chiedere informazioni.

Potrei aggiungere al sito un chatbot AI in abbonamento mensile per presentare corsi e attività e raccogliere interesse, fascia oraria e recapito. Partirei da risposte approvate da voi, con passaggio al personale per i casi specifici.

È un aspetto che vorreste semplificare? Possiamo sentirci 10 minuti per capire come lo gestite oggi.

Tia Designs
https://tiadesigns.it"
"maffeigroup@hotmail.com";"";"Padel Maffei";"Padel Maffei - Chatbot AI per centro sportivo";"Buongiorno,

sono il titolare di Tia Designs, a Mantova, e sviluppo siti e strumenti web su misura.

Ho visto che presentate attività sportive e modalità per chiedere informazioni.

Potrei aggiungere al sito un chatbot AI in abbonamento mensile per presentare corsi e attività e raccogliere interesse, fascia oraria e recapito. Partirei da risposte approvate da voi, con passaggio al personale per i casi specifici.

È un aspetto che vorreste semplificare? Possiamo sentirci 10 minuti per capire come lo gestite oggi.

Tia Designs
https://tiadesigns.it"
"info@olympusclub.it";"";"Padel a Firenze - Olympus Club. Scopri subito i nostri campi.";"Padel a Firenze - Olympus Club. Scopri subito i nostri campi. - Chatbot AI per centro sportivo";"Buongiorno,

sono il titolare di Tia Designs, a Mantova, e sviluppo siti e strumenti web su misura.

Ho visto che presentate attività sportive e modalità per chiedere informazioni.

Potrei aggiungere al sito un chatbot AI in abbonamento mensile per presentare corsi e attività e raccogliere interesse, fascia oraria e recapito. Partirei da risposte approvate da voi, con passaggio al personale per i casi specifici.

È un aspetto che vorreste semplificare? Possiamo sentirci 10 minuti per capire come lo gestite oggi.

Tia Designs
https://tiadesigns.it"
"amministrazione@padeland.it";"";"Padeland Milano";"Padeland Milano - Chatbot AI per centro sportivo";"Buongiorno,

sono il titolare di Tia Designs, a Mantova, e sviluppo siti e strumenti web su misura.

Ho visto che presentate attività sportive e modalità per chiedere informazioni.

Potrei aggiungere al sito un chatbot AI in abbonamento mensile per presentare corsi e attività e raccogliere interesse, fascia oraria e recapito. Partirei da risposte approvate da voi, con passaggio al personale per i casi specifici.

È un aspetto che vorreste semplificare? Possiamo sentirci 10 minuti per capire come lo gestite oggi.

Tia Designs
https://tiadesigns.it"
"milanopadelasd@gmail.com";"";"aci - Milano Padel";"aci - Milano Padel - Chatbot AI per centro sportivo";"Buongiorno,

sono il titolare di Tia Designs, a Mantova, e sviluppo siti e strumenti web su misura.

Ho visto che presentate attività sportive e modalità per chiedere informazioni.

Potrei aggiungere al sito un chatbot AI in abbonamento mensile per presentare corsi e attività e raccogliere interesse, fascia oraria e recapito. Partirei da risposte approvate da voi, con passaggio al personale per i casi specifici.

È un aspetto che vorreste semplificare? Possiamo sentirci 10 minuti per capire come lo gestite oggi.

Tia Designs
https://tiadesigns.it"
"informazioni@cusbari.it";"";"Cus Bari";"Cus Bari - Chatbot AI per centro sportivo";"Buongiorno,

sono il titolare di Tia Designs, a Mantova, e sviluppo siti e strumenti web su misura.

Ho visto che presentate attività sportive e modalità per chiedere informazioni.

Potrei aggiungere al sito un chatbot AI in abbonamento mensile per presentare corsi e attività e raccogliere interesse, fascia oraria e recapito. Partirei da risposte approvate da voi, con passaggio al personale per i casi specifici.

È un aspetto che vorreste semplificare? Possiamo sentirci 10 minuti per capire come lo gestite oggi.

Tia Designs
https://tiadesigns.it"
"sandaliagym@gmail.com";"";"Sandalia Gym";"Sandalia Gym - Chatbot AI per centro sportivo";"Buongiorno,

sono il titolare di Tia Designs, a Mantova, e sviluppo siti e strumenti web su misura.

Ho visto che presentate attività sportive e modalità per chiedere informazioni.

Potrei aggiungere al sito un chatbot AI in abbonamento mensile per presentare corsi e attività e raccogliere interesse, fascia oraria e recapito. Partirei da risposte approvate da voi, con passaggio al personale per i casi specifici.

È un aspetto che vorreste semplificare? Possiamo sentirci 10 minuti per capire come lo gestite oggi.

Tia Designs
https://tiadesigns.it"
"dematteogiuseppe@gmail.com";"";"Centro Sportivo De Matteo";"Centro Sportivo De Matteo - Chatbot AI per centro sportivo";"Buongiorno,

sono il titolare di Tia Designs, a Mantova, e sviluppo siti e strumenti web su misura.

Ho visto che presentate attività sportive e modalità per chiedere informazioni.

Potrei aggiungere al sito un chatbot AI in abbonamento mensile per presentare corsi e attività e raccogliere interesse, fascia oraria e recapito. Partirei da risposte approvate da voi, con passaggio al personale per i casi specifici.

È un aspetto che vorreste semplificare? Possiamo sentirci 10 minuti per capire come lo gestite oggi.

Tia Designs
https://tiadesigns.it"
"fittimeroby@tiscali.it";"";"Benvenuti sul sito ufficiale della FIT TIME ROBY A.S.D.";"Benvenuti sul sito ufficiale della FIT TIME ROBY A.S.D. - Chatbot AI per centro sportivo";"Buongiorno,

sono il titolare di Tia Designs, a Mantova, e sviluppo siti e strumenti web su misura.

Ho visto che presentate attività sportive e modalità per chiedere informazioni.

Potrei aggiungere al sito un chatbot AI in abbonamento mensile per presentare corsi e attività e raccogliere interesse, fascia oraria e recapito. Partirei da risposte approvate da voi, con passaggio al personale per i casi specifici.

È un aspetto che vorreste semplificare? Possiamo sentirci 10 minuti per capire come lo gestite oggi.

Tia Designs
https://tiadesigns.it"
"segreteria@athlonsport.it";"";"Corsi – Athlon Club";"Corsi – Athlon Club - Chatbot AI per centro sportivo";"Buongiorno,

sono il titolare di Tia Designs, a Mantova, e sviluppo siti e strumenti web su misura.

Ho visto che presentate attività sportive e modalità per chiedere informazioni.

Potrei aggiungere al sito un chatbot AI in abbonamento mensile per presentare corsi e attività e raccogliere interesse, fascia oraria e recapito. Partirei da risposte approvate da voi, con passaggio al personale per i casi specifici.

È un aspetto che vorreste semplificare? Possiamo sentirci 10 minuti per capire come lo gestite oggi.

Tia Designs
https://tiadesigns.it"
"info@dicagnosport.it";"";"Di Cagno Abbrescia";"Di Cagno Abbrescia - Chatbot AI per centro sportivo";"Buongiorno,

sono il titolare di Tia Designs, a Mantova, e sviluppo siti e strumenti web su misura.

Ho visto che presentate attività sportive e modalità per chiedere informazioni.

Potrei aggiungere al sito un chatbot AI in abbonamento mensile per presentare corsi e attività e raccogliere interesse, fascia oraria e recapito. Partirei da risposte approvate da voi, con passaggio al personale per i casi specifici.

È un aspetto che vorreste semplificare? Possiamo sentirci 10 minuti per capire come lo gestite oggi.

Tia Designs
https://tiadesigns.it"
"info@formakalaris.it";"";"e Dove Siamo | Palestra Forma Kalaris Cagliari";"e Dove Siamo | Palestra Forma Kalaris Cagliari - Chatbot AI per centro sportivo";"Buongiorno,

sono il titolare di Tia Designs, a Mantova, e sviluppo siti e strumenti web su misura.

Ho visto che presentate attività sportive e modalità per chiedere informazioni.

Potrei aggiungere al sito un chatbot AI in abbonamento mensile per presentare corsi e attività e raccogliere interesse, fascia oraria e recapito. Partirei da risposte approvate da voi, con passaggio al personale per i casi specifici.

È un aspetto che vorreste semplificare? Possiamo sentirci 10 minuti per capire come lo gestite oggi.

Tia Designs
https://tiadesigns.it"
"colosseumnapoli@libero.it";"";"Palestra Colosseum";"Palestra Colosseum - Chatbot AI per centro sportivo";"Buongiorno,

sono il titolare di Tia Designs, a Mantova, e sviluppo siti e strumenti web su misura.

Ho visto che presentate attività sportive e modalità per chiedere informazioni.

Potrei aggiungere al sito un chatbot AI in abbonamento mensile per presentare corsi e attività e raccogliere interesse, fascia oraria e recapito. Partirei da risposte approvate da voi, con passaggio al personale per i casi specifici.

È un aspetto che vorreste semplificare? Possiamo sentirci 10 minuti per capire come lo gestite oggi.

Tia Designs
https://tiadesigns.it"
"ilborgofelino@gmail.com";"";"Borgo Felino - Pensione per gatti";"Borgo Felino - Pensione per gatti - Chatbot AI per servizi per animali";"Buongiorno,

sono il titolare di Tia Designs, a Mantova, e sviluppo siti e strumenti web su misura.

Ho visto che offrite servizi per animali e ricevete richieste di contatto.

Potrei aggiungere al sito un chatbot AI in abbonamento mensile per rispondere alle domande organizzative e raccogliere servizio, periodo e recapito. Partirei da risposte approvate da voi, con passaggio al personale per i casi specifici.

È un aspetto che vorreste semplificare? Possiamo sentirci 10 minuti per capire come lo gestite oggi.

Tia Designs
https://tiadesigns.it"
"toelettaturaenrico@gmail.com";"";"TOELETTATURA ENRICO: CONTATTI";"TOELETTATURA ENRICO: CONTATTI - Chatbot AI per servizi per animali";"Buongiorno,

sono il titolare di Tia Designs, a Mantova, e sviluppo siti e strumenti web su misura.

Ho visto che offrite servizi per animali e ricevete richieste di contatto.

Potrei aggiungere al sito un chatbot AI in abbonamento mensile per rispondere alle domande organizzative e raccogliere servizio, periodo e recapito. Partirei da risposte approvate da voi, con passaggio al personale per i casi specifici.

È un aspetto che vorreste semplificare? Possiamo sentirci 10 minuti per capire come lo gestite oggi.

Tia Designs
https://tiadesigns.it"
"ipuzzoli@gmail.com";"";"Abbigliamento per animali e toelettatura - I Puzzoli Genova";"Abbigliamento per animali e toelettatura - I Puzzoli Genova - Chatbot AI per servizi per animali";"Buongiorno,

sono il titolare di Tia Designs, a Mantova, e sviluppo siti e strumenti web su misura.

Ho visto che offrite servizi per animali e ricevete richieste di contatto.

Potrei aggiungere al sito un chatbot AI in abbonamento mensile per rispondere alle domande organizzative e raccogliere servizio, periodo e recapito. Partirei da risposte approvate da voi, con passaggio al personale per i casi specifici.

È un aspetto che vorreste semplificare? Possiamo sentirci 10 minuti per capire come lo gestite oggi.

Tia Designs
https://tiadesigns.it"
"toeletati@gmail.com";"";"Toelettatura a forbice per cani e gatti a Genova";"Toelettatura a forbice per cani e gatti a Genova - Chatbot AI per servizi per animali";"Buongiorno,

sono il titolare di Tia Designs, a Mantova, e sviluppo siti e strumenti web su misura.

Ho visto che offrite servizi per animali e ricevete richieste di contatto.

Potrei aggiungere al sito un chatbot AI in abbonamento mensile per rispondere alle domande organizzative e raccogliere servizio, periodo e recapito. Partirei da risposte approvate da voi, con passaggio al personale per i casi specifici.

È un aspetto che vorreste semplificare? Possiamo sentirci 10 minuti per capire come lo gestite oggi.

Tia Designs
https://tiadesigns.it"
"info@oasicanina.com";"";"Oasi Canina – Pensione per cani";"Oasi Canina – Pensione per cani - Chatbot AI per servizi per animali";"Buongiorno,

sono il titolare di Tia Designs, a Mantova, e sviluppo siti e strumenti web su misura.

Ho visto che offrite servizi per animali e ricevete richieste di contatto.

Potrei aggiungere al sito un chatbot AI in abbonamento mensile per rispondere alle domande organizzative e raccogliere servizio, periodo e recapito. Partirei da risposte approvate da voi, con passaggio al personale per i casi specifici.

È un aspetto che vorreste semplificare? Possiamo sentirci 10 minuti per capire come lo gestite oggi.

Tia Designs
https://tiadesigns.it"
"lascuoladeicampioni@gmail.com";"";"La Scuola dei Campioni – Centro cinofilo a Roma EUR — pensione, asilo diurno e addestramento cani";"La Scuola dei Campioni – Centro cinofilo a Roma EUR — pensione, asilo diurno e addestramento cani - Chatbot AI per servizi per animali";"Buongiorno,

sono il titolare di Tia Designs, a Mantova, e sviluppo siti e strumenti web su misura.

Ho visto che offrite servizi per animali e ricevete richieste di contatto.

Potrei aggiungere al sito un chatbot AI in abbonamento mensile per rispondere alle domande organizzative e raccogliere servizio, periodo e recapito. Partirei da risposte approvate da voi, con passaggio al personale per i casi specifici.

È un aspetto che vorreste semplificare? Possiamo sentirci 10 minuti per capire come lo gestite oggi.

Tia Designs
https://tiadesigns.it"
"info@catsuitehotel.it";"";"Cat Suite Hotel Milano";"Cat Suite Hotel Milano - Chatbot AI per servizi per animali";"Buongiorno,

sono il titolare di Tia Designs, a Mantova, e sviluppo siti e strumenti web su misura.

Ho visto che offrite servizi per animali e ricevete richieste di contatto.

Potrei aggiungere al sito un chatbot AI in abbonamento mensile per rispondere alle domande organizzative e raccogliere servizio, periodo e recapito. Partirei da risposte approvate da voi, con passaggio al personale per i casi specifici.

È un aspetto che vorreste semplificare? Possiamo sentirci 10 minuti per capire come lo gestite oggi.

Tia Designs
https://tiadesigns.it"
"martina.sdanga@gmail.com";"";"pensione per gatti Biancaluna - biancaluna";"pensione per gatti Biancaluna - biancaluna - Chatbot AI per servizi per animali";"Buongiorno,

sono il titolare di Tia Designs, a Mantova, e sviluppo siti e strumenti web su misura.

Ho visto che offrite servizi per animali e ricevete richieste di contatto.

Potrei aggiungere al sito un chatbot AI in abbonamento mensile per rispondere alle domande organizzative e raccogliere servizio, periodo e recapito. Partirei da risposte approvate da voi, con passaggio al personale per i casi specifici.

È un aspetto che vorreste semplificare? Possiamo sentirci 10 minuti per capire come lo gestite oggi.

Tia Designs
https://tiadesigns.it"
"na.caivano@loxam.it";"";"Loxam Piattaforme Aeree | Noleggio piattaforme aeree a Napoli";"Loxam Piattaforme Aeree | Noleggio piattaforme aeree a Napoli - Modulo richieste per noleggio attrezzature";"Buongiorno,

sono il titolare di Tia Designs, a Mantova, e sviluppo siti e strumenti web su misura.

Ho visto che presentate attrezzature a noleggio e richieste per i clienti.

Potrei sviluppare un modulo guidato per raccogliere attrezzatura, periodo, luogo d’impiego e descrizione del lavoro. L'obiettivo sarebbe ricevere informazioni più complete già al primo contatto.

È un aspetto che vorreste semplificare? Possiamo sentirci 10 minuti per capire come lo gestite oggi.

Tia Designs
https://tiadesigns.it"
"saframnoleggio@gmail.com";"";"Safram Noleggio";"Safram Noleggio - Modulo richieste per noleggio attrezzature";"Buongiorno,

sono il titolare di Tia Designs, a Mantova, e sviluppo siti e strumenti web su misura.

Ho visto che presentate attrezzature a noleggio e richieste per i clienti.

Potrei sviluppare un modulo guidato per raccogliere attrezzatura, periodo, luogo d’impiego e descrizione del lavoro. L'obiettivo sarebbe ricevere informazioni più complete già al primo contatto.

È un aspetto che vorreste semplificare? Possiamo sentirci 10 minuti per capire come lo gestite oggi.

Tia Designs
https://tiadesigns.it"
"revisionisanlazzaro@gmail.com";"";"Noleggio Auto Bologna";"Noleggio Auto Bologna - Modulo richieste per noleggio attrezzature";"Buongiorno,

sono il titolare di Tia Designs, a Mantova, e sviluppo siti e strumenti web su misura.

Ho visto che presentate attrezzature a noleggio e richieste per i clienti.

Potrei sviluppare un modulo guidato per raccogliere attrezzatura, periodo, luogo d’impiego e descrizione del lavoro. L'obiettivo sarebbe ricevere informazioni più complete già al primo contatto.

È un aspetto che vorreste semplificare? Possiamo sentirci 10 minuti per capire come lo gestite oggi.

Tia Designs
https://tiadesigns.it"
"info@noleggiofurgoni.it";"";"FAQ – Noleggiofurgoni.it | Noleggio Furgoni Milano";"FAQ – Noleggiofurgoni.it | Noleggio Furgoni Milano - Modulo richieste per noleggio attrezzature";"Buongiorno,

sono il titolare di Tia Designs, a Mantova, e sviluppo siti e strumenti web su misura.

Ho visto che presentate attrezzature a noleggio e richieste per i clienti.

Potrei sviluppare un modulo guidato per raccogliere attrezzatura, periodo, luogo d’impiego e descrizione del lavoro. L'obiettivo sarebbe ricevere informazioni più complete già al primo contatto.

È un aspetto che vorreste semplificare? Possiamo sentirci 10 minuti per capire come lo gestite oggi.

Tia Designs
https://tiadesigns.it"
"noleggio@intergeanoleggio.it";"";"Intergea Noleggio";"Intergea Noleggio - Modulo richieste per noleggio attrezzature";"Buongiorno,

sono il titolare di Tia Designs, a Mantova, e sviluppo siti e strumenti web su misura.

Ho visto che presentate attrezzature a noleggio e richieste per i clienti.

Potrei sviluppare un modulo guidato per raccogliere attrezzatura, periodo, luogo d’impiego e descrizione del lavoro. L'obiettivo sarebbe ricevere informazioni più complete già al primo contatto.

È un aspetto che vorreste semplificare? Possiamo sentirci 10 minuti per capire come lo gestite oggi.

Tia Designs
https://tiadesigns.it"
"noleggio@werentgroup.com";"";"Noleggio piattaforme aeree Napoli | Werent";"Noleggio piattaforme aeree Napoli | Werent - Modulo richieste per noleggio attrezzature";"Buongiorno,

sono il titolare di Tia Designs, a Mantova, e sviluppo siti e strumenti web su misura.

Ho visto che presentate attrezzature a noleggio e richieste per i clienti.

Potrei sviluppare un modulo guidato per raccogliere attrezzatura, periodo, luogo d’impiego e descrizione del lavoro. L'obiettivo sarebbe ricevere informazioni più complete già al primo contatto.

È un aspetto che vorreste semplificare? Possiamo sentirci 10 minuti per capire come lo gestite oggi.

Tia Designs
https://tiadesigns.it"
"info@moowerent.com";"";"aci per ogni richiesta sul noleggio auto | Moowerent";"aci per ogni richiesta sul noleggio auto | Moowerent - Modulo richieste per noleggio attrezzature";"Buongiorno,

sono il titolare di Tia Designs, a Mantova, e sviluppo siti e strumenti web su misura.

Ho visto che presentate attrezzature a noleggio e richieste per i clienti.

Potrei sviluppare un modulo guidato per raccogliere attrezzatura, periodo, luogo d’impiego e descrizione del lavoro. L'obiettivo sarebbe ricevere informazioni più complete già al primo contatto.

È un aspetto che vorreste semplificare? Possiamo sentirci 10 minuti per capire come lo gestite oggi.

Tia Designs
https://tiadesigns.it"
"napoli@giffinoleggi.it";"";"Noleggio Piattaforme Aeree a Napoli";"Noleggio Piattaforme Aeree a Napoli - Chatbot AI per autoscuola";"Buongiorno,

sono il titolare di Tia Designs, a Mantova, e sviluppo siti e strumenti web su misura.

Ho visto che presentate servizi di autoscuola e richieste legate a patenti o pratiche.

Potrei aggiungere al sito un chatbot AI in abbonamento mensile per rispondere alle domande su sedi, servizi e orari e raccogliere una richiesta di ricontatto per la segreteria. Partirei da risposte approvate da voi, con passaggio al personale per i casi specifici.

È un aspetto che vorreste semplificare? Possiamo sentirci 10 minuti per capire come lo gestite oggi.

Tia Designs
https://tiadesigns.it"
"info@smean.it";"";"Noleggio Ponteggi Mobili e Attrezzature Edili Napoli | SMEAN";"Noleggio Ponteggi Mobili e Attrezzature Edili Napoli | SMEAN - Modulo richieste per servizi e componenti industriali";"Buongiorno,

sono il titolare di Tia Designs, a Mantova, e sviluppo siti e strumenti web su misura.

Ho visto che presentate prodotti o lavorazioni industriali e un canale per i preventivi.

Potrei sviluppare un modulo guidato per raccogliere specifiche, quantità, tempi e allegati tecnici per il preventivo. L'obiettivo sarebbe ricevere informazioni più complete già al primo contatto.

È un aspetto che vorreste semplificare? Possiamo sentirci 10 minuti per capire come lo gestite oggi.

Tia Designs
https://tiadesigns.it"
"eurotransport.noleggi@gmail.com";"";"Noleggio auto e furgoni a Palermo | EuroTransport Noleggi";"Noleggio auto e furgoni a Palermo | EuroTransport Noleggi - Chatbot AI per tour operator e viaggi";"Buongiorno,

sono il titolare di Tia Designs, a Mantova, e sviluppo siti e strumenti web su misura.

Ho visto che organizzate viaggi o esperienze e ricevete richieste di preventivo.

Potrei aggiungere al sito un chatbot AI in abbonamento mensile per raccogliere destinazione, periodo, partecipanti e tipo di esperienza per il primo preventivo. Partirei da risposte approvate da voi, con passaggio al personale per i casi specifici.

È un aspetto che vorreste semplificare? Possiamo sentirci 10 minuti per capire come lo gestite oggi.

Tia Designs
https://tiadesigns.it"
"info@napolitanoaef.it";"";"Prodotti edili | Assistenza Vendita Macchine Edili Napoli";"Prodotti edili | Assistenza Vendita Macchine Edili Napoli - Modulo richieste per servizi e componenti industriali";"Buongiorno,

sono il titolare di Tia Designs, a Mantova, e sviluppo siti e strumenti web su misura.

Ho visto che presentate prodotti o lavorazioni industriali e un canale per i preventivi.

Potrei sviluppare un modulo guidato per raccogliere specifiche, quantità, tempi e allegati tecnici per il preventivo. L'obiettivo sarebbe ricevere informazioni più complete già al primo contatto.

È un aspetto che vorreste semplificare? Possiamo sentirci 10 minuti per capire come lo gestite oggi.

Tia Designs
https://tiadesigns.it"
"multiservizi1986@yahoo.com";"";"S.B. Multiservizi - Centro Noleggio Piattafome Meccaniche - Traslochi con Deposito Bologna";"S.B. Multiservizi - Centro Noleggio Piattafome Meccaniche - Traslochi con Deposito Bologna - Chatbot AI per servizi per animali";"Buongiorno,

sono il titolare di Tia Designs, a Mantova, e sviluppo siti e strumenti web su misura.

Ho visto che offrite servizi per animali e ricevete richieste di contatto.

Potrei aggiungere al sito un chatbot AI in abbonamento mensile per rispondere alle domande organizzative e raccogliere servizio, periodo e recapito. Partirei da risposte approvate da voi, con passaggio al personale per i casi specifici.

È un aspetto che vorreste semplificare? Possiamo sentirci 10 minuti per capire come lo gestite oggi.

Tia Designs
https://tiadesigns.it"
"vm.ponteggi@gmail.com";"";"V&M Ponteggi Edili > Napoli: Noleggio e Servizi Impalcature Edilizia";"V&M Ponteggi Edili > Napoli: Noleggio e Servizi Impalcature Edilizia - Modulo richieste per noleggio attrezzature";"Buongiorno,

sono il titolare di Tia Designs, a Mantova, e sviluppo siti e strumenti web su misura.

Ho visto che presentate attrezzature a noleggio e richieste per i clienti.

Potrei sviluppare un modulo guidato per raccogliere attrezzatura, periodo, luogo d’impiego e descrizione del lavoro. L'obiettivo sarebbe ricevere informazioni più complete già al primo contatto.

È un aspetto che vorreste semplificare? Possiamo sentirci 10 minuti per capire come lo gestite oggi.

Tia Designs
https://tiadesigns.it"
"info@coraini.it";"";"Coraini srl | Noleggio e vendita gru e montacarichi a Bologna";"Coraini srl | Noleggio e vendita gru e montacarichi a Bologna - Modulo richieste per servizi e componenti industriali";"Buongiorno,

sono il titolare di Tia Designs, a Mantova, e sviluppo siti e strumenti web su misura.

Ho visto che presentate prodotti o lavorazioni industriali e un canale per i preventivi.

Potrei sviluppare un modulo guidato per raccogliere specifiche, quantità, tempi e allegati tecnici per il preventivo. L'obiettivo sarebbe ricevere informazioni più complete già al primo contatto.

È un aspetto che vorreste semplificare? Possiamo sentirci 10 minuti per capire come lo gestite oggi.

Tia Designs
https://tiadesigns.it"
"produzione@citysi.it";"";"CitySi Service";"CitySi Service - Modulo richieste per servizi e componenti industriali";"Buongiorno,

sono il titolare di Tia Designs, a Mantova, e sviluppo siti e strumenti web su misura.

Ho visto che presentate prodotti o lavorazioni industriali e un canale per i preventivi.

Potrei sviluppare un modulo guidato per raccogliere specifiche, quantità, tempi e allegati tecnici per il preventivo. L'obiettivo sarebbe ricevere informazioni più complete già al primo contatto.

È un aspetto che vorreste semplificare? Possiamo sentirci 10 minuti per capire come lo gestite oggi.

Tia Designs
https://tiadesigns.it"
"info@fratelliricchiuti.it";"";"Fratelli Ricchiuti";"Fratelli Ricchiuti - Chatbot AI per servizi per animali";"Buongiorno,

sono il titolare di Tia Designs, a Mantova, e sviluppo siti e strumenti web su misura.

Ho visto che offrite servizi per animali e ricevete richieste di contatto.

Potrei aggiungere al sito un chatbot AI in abbonamento mensile per rispondere alle domande organizzative e raccogliere servizio, periodo e recapito. Partirei da risposte approvate da voi, con passaggio al personale per i casi specifici.

È un aspetto che vorreste semplificare? Possiamo sentirci 10 minuti per capire come lo gestite oggi.

Tia Designs
https://tiadesigns.it"
"info@agenziatommasini.it";"";"Agenzia Tommasini Rappresentanze Industriali";"Agenzia Tommasini Rappresentanze Industriali - Chatbot AI per servizi per animali";"Buongiorno,

sono il titolare di Tia Designs, a Mantova, e sviluppo siti e strumenti web su misura.

Ho visto che offrite servizi per animali e ricevete richieste di contatto.

Potrei aggiungere al sito un chatbot AI in abbonamento mensile per rispondere alle domande organizzative e raccogliere servizio, periodo e recapito. Partirei da risposte approvate da voi, con passaggio al personale per i casi specifici.

È un aspetto che vorreste semplificare? Possiamo sentirci 10 minuti per capire come lo gestite oggi.

Tia Designs
https://tiadesigns.it"
"info@otsassembly.com";"";"Ots assembly contatti, Azienda produttrice macchine industriali, Produzione macchine assemblaggio";"Ots assembly contatti, Azienda produttrice macchine industriali, Produzione macchine assemblaggio - Modulo richieste per servizi e componenti industriali";"Buongiorno,

sono il titolare di Tia Designs, a Mantova, e sviluppo siti e strumenti web su misura.

Ho visto che presentate prodotti o lavorazioni industriali e un canale per i preventivi.

Potrei sviluppare un modulo guidato per raccogliere specifiche, quantità, tempi e allegati tecnici per il preventivo. L'obiettivo sarebbe ricevere informazioni più complete già al primo contatto.

È un aspetto che vorreste semplificare? Possiamo sentirci 10 minuti per capire come lo gestite oggi.

Tia Designs
https://tiadesigns.it"
"info@sandrocampanini.it";"";"SDB Components - Sandro Campanini S.r.l. - Componenti Meccanici di Precisione dal 1973";"SDB Components - Sandro Campanini S.r.l. - Componenti Meccanici di Precisione dal 1973 - Chatbot AI per servizi per animali";"Buongiorno,

sono il titolare di Tia Designs, a Mantova, e sviluppo siti e strumenti web su misura.

Ho visto che offrite servizi per animali e ricevete richieste di contatto.

Potrei aggiungere al sito un chatbot AI in abbonamento mensile per rispondere alle domande organizzative e raccogliere servizio, periodo e recapito. Partirei da risposte approvate da voi, con passaggio al personale per i casi specifici.

È un aspetto che vorreste semplificare? Possiamo sentirci 10 minuti per capire come lo gestite oggi.

Tia Designs
https://tiadesigns.it"
"giglioantonio812@gmail.com";"";"New Edil - Forniture edili e macchinari";"New Edil - Forniture edili e macchinari - Modulo richieste per servizi e componenti industriali";"Buongiorno,

sono il titolare di Tia Designs, a Mantova, e sviluppo siti e strumenti web su misura.

Ho visto che presentate prodotti o lavorazioni industriali e un canale per i preventivi.

Potrei sviluppare un modulo guidato per raccogliere specifiche, quantità, tempi e allegati tecnici per il preventivo. L'obiettivo sarebbe ricevere informazioni più complete già al primo contatto.

È un aspetto che vorreste semplificare? Possiamo sentirci 10 minuti per capire come lo gestite oggi.

Tia Designs
https://tiadesigns.it"
"zarri@zarri.it";"";"Richiesta informazioni | Zarri – Produzione componenti metallici e fissaggi - Bologna, Italia - Qual";"Richiesta informazioni | Zarri – Produzione componenti metallici e fissaggi - Bologna, Italia - Qual - Modulo richieste per servizi e componenti industriali";"Buongiorno,

sono il titolare di Tia Designs, a Mantova, e sviluppo siti e strumenti web su misura.

Ho visto che presentate prodotti o lavorazioni industriali e un canale per i preventivi.

Potrei sviluppare un modulo guidato per raccogliere specifiche, quantità, tempi e allegati tecnici per il preventivo. L'obiettivo sarebbe ricevere informazioni più complete già al primo contatto.

È un aspetto che vorreste semplificare? Possiamo sentirci 10 minuti per capire come lo gestite oggi.

Tia Designs
https://tiadesigns.it"
"info@corsarochiusure.it";"";"Corsaro Chiusure Metalliche";"Corsaro Chiusure Metalliche - Modulo richieste per servizi e componenti industriali";"Buongiorno,

sono il titolare di Tia Designs, a Mantova, e sviluppo siti e strumenti web su misura.

Ho visto che presentate prodotti o lavorazioni industriali e un canale per i preventivi.

Potrei sviluppare un modulo guidato per raccogliere specifiche, quantità, tempi e allegati tecnici per il preventivo. L'obiettivo sarebbe ricevere informazioni più complete già al primo contatto.

È un aspetto che vorreste semplificare? Possiamo sentirci 10 minuti per capire come lo gestite oggi.

Tia Designs
https://tiadesigns.it"
"info@mist-eng.com";"";"aci - Mist Srl";"aci - Mist Srl - Chatbot AI per servizi per animali";"Buongiorno,

sono il titolare di Tia Designs, a Mantova, e sviluppo siti e strumenti web su misura.

Ho visto che offrite servizi per animali e ricevete richieste di contatto.

Potrei aggiungere al sito un chatbot AI in abbonamento mensile per rispondere alle domande organizzative e raccogliere servizio, periodo e recapito. Partirei da risposte approvate da voi, con passaggio al personale per i casi specifici.

È un aspetto che vorreste semplificare? Possiamo sentirci 10 minuti per capire come lo gestite oggi.

Tia Designs
https://tiadesigns.it"
"info@studioromaservice.it";"";"Impresa di Pulizie Roma";"Impresa di Pulizie Roma - Modulo richieste per pulizie e facility";"Buongiorno,

sono il titolare di Tia Designs, a Mantova, e sviluppo siti e strumenti web su misura.

Ho visto che offrite servizi di pulizia o facility per attività e strutture.

Potrei sviluppare un modulo guidato per raccogliere tipologia di struttura, frequenza e volumi indicativi per la proposta. L'obiettivo sarebbe ricevere informazioni più complete già al primo contatto.

È un aspetto che vorreste semplificare? Possiamo sentirci 10 minuti per capire come lo gestite oggi.

Tia Designs
https://tiadesigns.it"
"info@seldaservice.it";"";"Selda Service Srl | Facility Management - Expertise since 1972";"Selda Service Srl | Facility Management - Expertise since 1972 - Modulo richieste per pulizie e facility";"Buongiorno,

sono il titolare di Tia Designs, a Mantova, e sviluppo siti e strumenti web su misura.

Ho visto che offrite servizi di pulizia o facility per attività e strutture.

Potrei sviluppare un modulo guidato per raccogliere tipologia di struttura, frequenza e volumi indicativi per la proposta. L'obiettivo sarebbe ricevere informazioni più complete già al primo contatto.

È un aspetto che vorreste semplificare? Possiamo sentirci 10 minuti per capire come lo gestite oggi.

Tia Designs
https://tiadesigns.it"
"info@servitali.it";"";"Impresa Pulizie Roma | Servizi Integrati";"Impresa Pulizie Roma | Servizi Integrati - Modulo richieste per pulizie e facility";"Buongiorno,

sono il titolare di Tia Designs, a Mantova, e sviluppo siti e strumenti web su misura.

Ho visto che offrite servizi di pulizia o facility per attività e strutture.

Potrei sviluppare un modulo guidato per raccogliere tipologia di struttura, frequenza e volumi indicativi per la proposta. L'obiettivo sarebbe ricevere informazioni più complete già al primo contatto.

È un aspetto che vorreste semplificare? Possiamo sentirci 10 minuti per capire come lo gestite oggi.

Tia Designs
https://tiadesigns.it"
"emailinfo@jcleaning.it";"";"impresa pulizie Roma | J CLEANING SRLS";"impresa pulizie Roma | J CLEANING SRLS - Modulo richieste per pulizie e facility";"Buongiorno,

sono il titolare di Tia Designs, a Mantova, e sviluppo siti e strumenti web su misura.

Ho visto che offrite servizi di pulizia o facility per attività e strutture.

Potrei sviluppare un modulo guidato per raccogliere tipologia di struttura, frequenza e volumi indicativi per la proposta. L'obiettivo sarebbe ricevere informazioni più complete già al primo contatto.

È un aspetto che vorreste semplificare? Possiamo sentirci 10 minuti per capire come lo gestite oggi.

Tia Designs
https://tiadesigns.it"
"info@coifasrl.it";"";"CO.I.FA srl | | Costruzione, Impianti, Facility Management";"CO.I.FA srl | | Costruzione, Impianti, Facility Management - Modulo richieste per pulizie e facility";"Buongiorno,

sono il titolare di Tia Designs, a Mantova, e sviluppo siti e strumenti web su misura.

Ho visto che offrite servizi di pulizia o facility per attività e strutture.

Potrei sviluppare un modulo guidato per raccogliere tipologia di struttura, frequenza e volumi indicativi per la proposta. L'obiettivo sarebbe ricevere informazioni più complete già al primo contatto.

È un aspetto che vorreste semplificare? Possiamo sentirci 10 minuti per capire come lo gestite oggi.

Tia Designs
https://tiadesigns.it"
"condomultiservice@gmail.com";"";"Pulizie Civili e Industriali a Firenze - Servizi Professionali di Pulizia";"Pulizie Civili e Industriali a Firenze - Servizi Professionali di Pulizia - Modulo richieste per pulizie e facility";"Buongiorno,

sono il titolare di Tia Designs, a Mantova, e sviluppo siti e strumenti web su misura.

Ho visto che offrite servizi di pulizia o facility per attività e strutture.

Potrei sviluppare un modulo guidato per raccogliere tipologia di struttura, frequenza e volumi indicativi per la proposta. L'obiettivo sarebbe ricevere informazioni più complete già al primo contatto.

È un aspetto che vorreste semplificare? Possiamo sentirci 10 minuti per capire come lo gestite oggi.

Tia Designs
https://tiadesigns.it"
"preventivi@dittapulizieroma.com";"";"Genius System Clean | Impresa di Pulizie a Roma";"Genius System Clean | Impresa di Pulizie a Roma - Chatbot AI per struttura ricettiva";"Buongiorno,

sono il titolare di Tia Designs, a Mantova, e sviluppo siti e strumenti web su misura.

Ho visto che presentate la struttura e le modalità per chiedere disponibilità.

Potrei aggiungere al sito un chatbot AI in abbonamento mensile per rispondere alle FAQ e raccogliere date, numero di ospiti e preferenze prima del ricontatto. Partirei da risposte approvate da voi, con passaggio al personale per i casi specifici.

È un aspetto che vorreste semplificare? Possiamo sentirci 10 minuti per capire come lo gestite oggi.

Tia Designs
https://tiadesigns.it"
"gestione.clienti@perpulire.it";"";"Firenze.PerPulire.it | Macchine pulizia industriale e ingrosso prodotti pulizia a Firenze e provinci";"Firenze.PerPulire.it | Macchine pulizia industriale e ingrosso prodotti pulizia a Firenze e provinci - Modulo richieste per servizi e componenti industriali";"Buongiorno,

sono il titolare di Tia Designs, a Mantova, e sviluppo siti e strumenti web su misura.

Ho visto che presentate prodotti o lavorazioni industriali e un canale per i preventivi.

Potrei sviluppare un modulo guidato per raccogliere specifiche, quantità, tempi e allegati tecnici per il preventivo. L'obiettivo sarebbe ricevere informazioni più complete già al primo contatto.

È un aspetto che vorreste semplificare? Possiamo sentirci 10 minuti per capire come lo gestite oggi.

Tia Designs
https://tiadesigns.it"
"info@romanapulizie.com";"";"Roma Pulizie";"Roma Pulizie - Modulo richieste per pulizie e facility";"Buongiorno,

sono il titolare di Tia Designs, a Mantova, e sviluppo siti e strumenti web su misura.

Ho visto che offrite servizi di pulizia o facility per attività e strutture.

Potrei sviluppare un modulo guidato per raccogliere tipologia di struttura, frequenza e volumi indicativi per la proposta. L'obiettivo sarebbe ricevere informazioni più complete già al primo contatto.

È un aspetto che vorreste semplificare? Possiamo sentirci 10 minuti per capire come lo gestite oggi.

Tia Designs
https://tiadesigns.it"
"gestioni@rennovo.it";"";"Gestione affitti a Milano e in Lombardia | Rennovo";"Gestione affitti a Milano e in Lombardia | Rennovo - Automazione richieste per immobiliare";"Buongiorno,

sono il titolare di Tia Designs, a Mantova, e sviluppo siti e strumenti web su misura.

Ho visto che gestite immobili o locazioni e ricevete richieste dai clienti.

Potrei sviluppare una piccola automazione per organizzare le richieste per immobile, zona, esigenza e prossimo ricontatto. Prima verificherei gli strumenti che usate già, per definire un intervento circoscritto.

È un aspetto che vorreste semplificare? Possiamo sentirci 10 minuti per capire come lo gestite oggi.

Tia Designs
https://tiadesigns.it"
"info@casaffitti.it";"";"aci – Casaffitti Sas di Raviolo Franco & C.";"aci – Casaffitti Sas di Raviolo Franco & C. - Automazione richieste per immobiliare";"Buongiorno,

sono il titolare di Tia Designs, a Mantova, e sviluppo siti e strumenti web su misura.

Ho visto che gestite immobili o locazioni e ricevete richieste dai clienti.

Potrei sviluppare una piccola automazione per organizzare le richieste per immobile, zona, esigenza e prossimo ricontatto. Prima verificherei gli strumenti che usate già, per definire un intervento circoscritto.

È un aspetto che vorreste semplificare? Possiamo sentirci 10 minuti per capire come lo gestite oggi.

Tia Designs
https://tiadesigns.it"
"info@chiacchioproperty.com";"";"Chiacchio Property Management Roma - Chiacchio Property Management";"Chiacchio Property Management Roma - Chiacchio Property Management - Automazione richieste per immobiliare";"Buongiorno,

sono il titolare di Tia Designs, a Mantova, e sviluppo siti e strumenti web su misura.

Ho visto che gestite immobili o locazioni e ricevete richieste dai clienti.

Potrei sviluppare una piccola automazione per organizzare le richieste per immobile, zona, esigenza e prossimo ricontatto. Prima verificherei gli strumenti che usate già, per definire un intervento circoscritto.

È un aspetto che vorreste semplificare? Possiamo sentirci 10 minuti per capire come lo gestite oggi.

Tia Designs
https://tiadesigns.it"
"a.paris@spaghettidaniela.it";"";"Amministrazione Condominiali";"Amministrazione Condominiali - Modulo richieste per noleggio attrezzature";"Buongiorno,

sono il titolare di Tia Designs, a Mantova, e sviluppo siti e strumenti web su misura.

Ho visto che presentate attrezzature a noleggio e richieste per i clienti.

Potrei sviluppare un modulo guidato per raccogliere attrezzatura, periodo, luogo d’impiego e descrizione del lavoro. L'obiettivo sarebbe ricevere informazioni più complete già al primo contatto.

È un aspetto che vorreste semplificare? Possiamo sentirci 10 minuti per capire come lo gestite oggi.

Tia Designs
https://tiadesigns.it"
"roma.manzoni@rentalprogroup.com";"";"Roma Manzoni - RentalPro";"Roma Manzoni - RentalPro - Chatbot AI per struttura ricettiva";"Buongiorno,

sono il titolare di Tia Designs, a Mantova, e sviluppo siti e strumenti web su misura.

Ho visto che presentate la struttura e le modalità per chiedere disponibilità.

Potrei aggiungere al sito un chatbot AI in abbonamento mensile per rispondere alle FAQ e raccogliere date, numero di ospiti e preferenze prima del ricontatto. Partirei da risposte approvate da voi, con passaggio al personale per i casi specifici.

È un aspetto che vorreste semplificare? Possiamo sentirci 10 minuti per capire come lo gestite oggi.

Tia Designs
https://tiadesigns.it"
"affitti@studiomottamario.it";"";"Gestione Affitti – STUDIO MOTTA MARIO";"Gestione Affitti – STUDIO MOTTA MARIO - Automazione richieste per immobiliare";"Buongiorno,

sono il titolare di Tia Designs, a Mantova, e sviluppo siti e strumenti web su misura.

Ho visto che gestite immobili o locazioni e ricevete richieste dai clienti.

Potrei sviluppare una piccola automazione per organizzare le richieste per immobile, zona, esigenza e prossimo ricontatto. Prima verificherei gli strumenti che usate già, per definire un intervento circoscritto.

È un aspetto che vorreste semplificare? Possiamo sentirci 10 minuti per capire come lo gestite oggi.

Tia Designs
https://tiadesigns.it"
"info@turincase.com";"";"Turincase | Agenzia Immobiliare Torino";"Turincase | Agenzia Immobiliare Torino - Automazione richieste per immobiliare";"Buongiorno,

sono il titolare di Tia Designs, a Mantova, e sviluppo siti e strumenti web su misura.

Ho visto che gestite immobili o locazioni e ricevete richieste dai clienti.

Potrei sviluppare una piccola automazione per organizzare le richieste per immobile, zona, esigenza e prossimo ricontatto. Prima verificherei gli strumenti che usate già, per definire un intervento circoscritto.

È un aspetto che vorreste semplificare? Possiamo sentirci 10 minuti per capire come lo gestite oggi.

Tia Designs
https://tiadesigns.it"
"info@magvillehotel.com";"";"Magville Hotel Milano - Hotel boutique Milano";"Magville Hotel Milano - Hotel boutique Milano - Chatbot AI per struttura ricettiva";"Buongiorno,

sono il titolare di Tia Designs, a Mantova, e sviluppo siti e strumenti web su misura.

Ho visto che presentate la struttura e le modalità per chiedere disponibilità.

Potrei aggiungere al sito un chatbot AI in abbonamento mensile per rispondere alle FAQ e raccogliere date, numero di ospiti e preferenze prima del ricontatto. Partirei da risposte approvate da voi, con passaggio al personale per i casi specifici.

È un aspetto che vorreste semplificare? Possiamo sentirci 10 minuti per capire come lo gestite oggi.

Tia Designs
https://tiadesigns.it"
"info@senatohotelmilano.it";"";"Senato Hotel Milano: Location e Contatti";"Senato Hotel Milano: Location e Contatti - Chatbot AI per struttura ricettiva";"Buongiorno,

sono il titolare di Tia Designs, a Mantova, e sviluppo siti e strumenti web su misura.

Ho visto che presentate la struttura e le modalità per chiedere disponibilità.

Potrei aggiungere al sito un chatbot AI in abbonamento mensile per rispondere alle FAQ e raccogliere date, numero di ospiti e preferenze prima del ricontatto. Partirei da risposte approvate da voi, con passaggio al personale per i casi specifici.

È un aspetto che vorreste semplificare? Possiamo sentirci 10 minuti per capire come lo gestite oggi.

Tia Designs
https://tiadesigns.it"
"info@hotelscalzi.it";"";"Boutique Hotel Scalzi - Adult Only";"Boutique Hotel Scalzi - Adult Only - Chatbot AI per struttura ricettiva";"Buongiorno,

sono il titolare di Tia Designs, a Mantova, e sviluppo siti e strumenti web su misura.

Ho visto che presentate la struttura e le modalità per chiedere disponibilità.

Potrei aggiungere al sito un chatbot AI in abbonamento mensile per rispondere alle FAQ e raccogliere date, numero di ospiti e preferenze prima del ricontatto. Partirei da risposte approvate da voi, con passaggio al personale per i casi specifici.

È un aspetto che vorreste semplificare? Possiamo sentirci 10 minuti per capire come lo gestite oggi.

Tia Designs
https://tiadesigns.it"
"booking@hotelcolombiamilano.com";"";"Hotel Colombia - Milano boutique hotel - 4 stelle - Sito Ufficiale";"Hotel Colombia - Milano boutique hotel - 4 stelle - Sito Ufficiale - Chatbot AI per struttura ricettiva";"Buongiorno,

sono il titolare di Tia Designs, a Mantova, e sviluppo siti e strumenti web su misura.

Ho visto che presentate la struttura e le modalità per chiedere disponibilità.

Potrei aggiungere al sito un chatbot AI in abbonamento mensile per rispondere alle FAQ e raccogliere date, numero di ospiti e preferenze prima del ricontatto. Partirei da risposte approvate da voi, con passaggio al personale per i casi specifici.

È un aspetto che vorreste semplificare? Possiamo sentirci 10 minuti per capire come lo gestite oggi.

Tia Designs
https://tiadesigns.it"
"info@indigomilano.it";"";"Boutique Hotel a Corso Monforte, Milano | Hotel Indigo Milano";"Boutique Hotel a Corso Monforte, Milano | Hotel Indigo Milano - Chatbot AI per struttura ricettiva";"Buongiorno,

sono il titolare di Tia Designs, a Mantova, e sviluppo siti e strumenti web su misura.

Ho visto che presentate la struttura e le modalità per chiedere disponibilità.

Potrei aggiungere al sito un chatbot AI in abbonamento mensile per rispondere alle FAQ e raccogliere date, numero di ospiti e preferenze prima del ricontatto. Partirei da risposte approvate da voi, con passaggio al personale per i casi specifici.

È un aspetto che vorreste semplificare? Possiamo sentirci 10 minuti per capire come lo gestite oggi.

Tia Designs
https://tiadesigns.it"
"info@matildeboutiquehotel.com";"";"Matilde Boutique Hotel Milano";"Matilde Boutique Hotel Milano - Chatbot AI per tour operator e viaggi";"Buongiorno,

sono il titolare di Tia Designs, a Mantova, e sviluppo siti e strumenti web su misura.

Ho visto che organizzate viaggi o esperienze e ricevete richieste di preventivo.

Potrei aggiungere al sito un chatbot AI in abbonamento mensile per raccogliere destinazione, periodo, partecipanti e tipo di esperienza per il primo preventivo. Partirei da risposte approvate da voi, con passaggio al personale per i casi specifici.

È un aspetto che vorreste semplificare? Possiamo sentirci 10 minuti per capire come lo gestite oggi.

Tia Designs
https://tiadesigns.it"
"info@velvetgreymilano.com";"";"Velvet Grey Milano";"Velvet Grey Milano - Chatbot AI per struttura ricettiva";"Buongiorno,

sono il titolare di Tia Designs, a Mantova, e sviluppo siti e strumenti web su misura.

Ho visto che presentate la struttura e le modalità per chiedere disponibilità.

Potrei aggiungere al sito un chatbot AI in abbonamento mensile per rispondere alle FAQ e raccogliere date, numero di ospiti e preferenze prima del ricontatto. Partirei da risposte approvate da voi, con passaggio al personale per i casi specifici.

È un aspetto che vorreste semplificare? Possiamo sentirci 10 minuti per capire come lo gestite oggi.

Tia Designs
https://tiadesigns.it"
"info@hoteleuropaverona.com";"";"Hotel Europa Verona";"Hotel Europa Verona - Chatbot AI per struttura ricettiva";"Buongiorno,

sono il titolare di Tia Designs, a Mantova, e sviluppo siti e strumenti web su misura.

Ho visto che presentate la struttura e le modalità per chiedere disponibilità.

Potrei aggiungere al sito un chatbot AI in abbonamento mensile per rispondere alle FAQ e raccogliere date, numero di ospiti e preferenze prima del ricontatto. Partirei da risposte approvate da voi, con passaggio al personale per i casi specifici.

È un aspetto che vorreste semplificare? Possiamo sentirci 10 minuti per capire come lo gestite oggi.

Tia Designs
https://tiadesigns.it"
"info@lacortesanfrancesco.it";"";"e Recapiti - La Corte San Francesco B&B a Bari";"e Recapiti - La Corte San Francesco B&B a Bari - Chatbot AI per struttura ricettiva";"Buongiorno,

sono il titolare di Tia Designs, a Mantova, e sviluppo siti e strumenti web su misura.

Ho visto che presentate la struttura e le modalità per chiedere disponibilità.

Potrei aggiungere al sito un chatbot AI in abbonamento mensile per rispondere alle FAQ e raccogliere date, numero di ospiti e preferenze prima del ricontatto. Partirei da risposte approvate da voi, con passaggio al personale per i casi specifici.

È un aspetto che vorreste semplificare? Possiamo sentirci 10 minuti per capire come lo gestite oggi.

Tia Designs
https://tiadesigns.it"
"info@bbcavourgioia.it";"";"Bed & Breakfast Cavour";"Bed & Breakfast Cavour - Chatbot AI per struttura ricettiva";"Buongiorno,

sono il titolare di Tia Designs, a Mantova, e sviluppo siti e strumenti web su misura.

Ho visto che presentate la struttura e le modalità per chiedere disponibilità.

Potrei aggiungere al sito un chatbot AI in abbonamento mensile per rispondere alle FAQ e raccogliere date, numero di ospiti e preferenze prima del ricontatto. Partirei da risposte approvate da voi, con passaggio al personale per i casi specifici.

È un aspetto che vorreste semplificare? Possiamo sentirci 10 minuti per capire come lo gestite oggi.

Tia Designs
https://tiadesigns.it"
"info@amoredimare.it";"";"Amoredimare Contatti | Bed & Breakfast e Casa Vacanze a Polignano";"Amoredimare Contatti | Bed & Breakfast e Casa Vacanze a Polignano - Chatbot AI per struttura ricettiva";"Buongiorno,

sono il titolare di Tia Designs, a Mantova, e sviluppo siti e strumenti web su misura.

Ho visto che presentate la struttura e le modalità per chiedere disponibilità.

Potrei aggiungere al sito un chatbot AI in abbonamento mensile per rispondere alle FAQ e raccogliere date, numero di ospiti e preferenze prima del ricontatto. Partirei da risposte approvate da voi, con passaggio al personale per i casi specifici.

È un aspetto che vorreste semplificare? Possiamo sentirci 10 minuti per capire come lo gestite oggi.

Tia Designs
https://tiadesigns.it"
"info@masseriaalerotanza.it";"";"Masseria Alberotanza";"Masseria Alberotanza - Chatbot AI per struttura ricettiva";"Buongiorno,

sono il titolare di Tia Designs, a Mantova, e sviluppo siti e strumenti web su misura.

Ho visto che presentate la struttura e le modalità per chiedere disponibilità.

Potrei aggiungere al sito un chatbot AI in abbonamento mensile per rispondere alle FAQ e raccogliere date, numero di ospiti e preferenze prima del ricontatto. Partirei da risposte approvate da voi, con passaggio al personale per i casi specifici.

È un aspetto che vorreste semplificare? Possiamo sentirci 10 minuti per capire come lo gestite oggi.

Tia Designs
https://tiadesigns.it"
"agriturismo@melagrani.it";"";"aci ora – Azienda Agricola Biologica Melagrani ~ Agriturismo & Fattoria Lago Trasimeno";"aci ora – Azienda Agricola Biologica Melagrani ~ Agriturismo & Fattoria Lago Trasimeno - Chatbot AI per struttura ricettiva";"Buongiorno,

sono il titolare di Tia Designs, a Mantova, e sviluppo siti e strumenti web su misura.

Ho visto che presentate la struttura e le modalità per chiedere disponibilità.

Potrei aggiungere al sito un chatbot AI in abbonamento mensile per rispondere alle FAQ e raccogliere date, numero di ospiti e preferenze prima del ricontatto. Partirei da risposte approvate da voi, con passaggio al personale per i casi specifici.

È un aspetto che vorreste semplificare? Possiamo sentirci 10 minuti per capire come lo gestite oggi.

Tia Designs
https://tiadesigns.it"
"info@morrisbaribnb.it";"";"Morris B&B | Vieni a trovarci, il nostro Bed & Breakfast si trova a Bari";"Morris B&B | Vieni a trovarci, il nostro Bed & Breakfast si trova a Bari - Chatbot AI per struttura ricettiva";"Buongiorno,

sono il titolare di Tia Designs, a Mantova, e sviluppo siti e strumenti web su misura.

Ho visto che presentate la struttura e le modalità per chiedere disponibilità.

Potrei aggiungere al sito un chatbot AI in abbonamento mensile per rispondere alle FAQ e raccogliere date, numero di ospiti e preferenze prima del ricontatto. Partirei da risposte approvate da voi, con passaggio al personale per i casi specifici.

È un aspetto che vorreste semplificare? Possiamo sentirci 10 minuti per capire come lo gestite oggi.

Tia Designs
https://tiadesigns.it"
"info@agrisantamaria.it";"";"Agriturismo Santa Maria";"Agriturismo Santa Maria - Chatbot AI per struttura ricettiva";"Buongiorno,

sono il titolare di Tia Designs, a Mantova, e sviluppo siti e strumenti web su misura.

Ho visto che presentate la struttura e le modalità per chiedere disponibilità.

Potrei aggiungere al sito un chatbot AI in abbonamento mensile per rispondere alle FAQ e raccogliere date, numero di ospiti e preferenze prima del ricontatto. Partirei da risposte approvate da voi, con passaggio al personale per i casi specifici.

È un aspetto che vorreste semplificare? Possiamo sentirci 10 minuti per capire come lo gestite oggi.

Tia Designs
https://tiadesigns.it"
"info@106maisondecharme.com";"";"B&B 106 Maison De Charme, Mola di Bari";"B&B 106 Maison De Charme, Mola di Bari - Chatbot AI per struttura ricettiva";"Buongiorno,

sono il titolare di Tia Designs, a Mantova, e sviluppo siti e strumenti web su misura.

Ho visto che presentate la struttura e le modalità per chiedere disponibilità.

Potrei aggiungere al sito un chatbot AI in abbonamento mensile per rispondere alle FAQ e raccogliere date, numero di ospiti e preferenze prima del ricontatto. Partirei da risposte approvate da voi, con passaggio al personale per i casi specifici.

È un aspetto che vorreste semplificare? Possiamo sentirci 10 minuti per capire come lo gestite oggi.

Tia Designs
https://tiadesigns.it"
"info@bbangelapuglia.com";"";"B&B Angela Puglia";"B&B Angela Puglia - Chatbot AI per struttura ricettiva";"Buongiorno,

sono il titolare di Tia Designs, a Mantova, e sviluppo siti e strumenti web su misura.

Ho visto che presentate la struttura e le modalità per chiedere disponibilità.

Potrei aggiungere al sito un chatbot AI in abbonamento mensile per rispondere alle FAQ e raccogliere date, numero di ospiti e preferenze prima del ricontatto. Partirei da risposte approvate da voi, con passaggio al personale per i casi specifici.

È un aspetto che vorreste semplificare? Possiamo sentirci 10 minuti per capire come lo gestite oggi.

Tia Designs
https://tiadesigns.it"
"info@charterbarchenapoli.it";"";"Charter Barche Napoli";"Charter Barche Napoli - Chatbot AI per noleggio barche";"Buongiorno,

sono il titolare di Tia Designs, a Mantova, e sviluppo siti e strumenti web su misura.

Ho visto che presentate il noleggio e raccogliete richieste per le uscite.

Potrei aggiungere al sito un chatbot AI in abbonamento mensile per rispondere alle domande organizzative e raccogliere data, durata e numero di partecipanti. Partirei da risposte approvate da voi, con passaggio al personale per i casi specifici.

È un aspetto che vorreste semplificare? Possiamo sentirci 10 minuti per capire come lo gestite oggi.

Tia Designs
https://tiadesigns.it"
"pmarlive.charter@gmail.com";"";"Affitto barche a vela e a motore | Bari | P.Mar.Live";"Affitto barche a vela e a motore | Bari | P.Mar.Live - Chatbot AI per noleggio barche";"Buongiorno,

sono il titolare di Tia Designs, a Mantova, e sviluppo siti e strumenti web su misura.

Ho visto che presentate il noleggio e raccogliete richieste per le uscite.

Potrei aggiungere al sito un chatbot AI in abbonamento mensile per rispondere alle domande organizzative e raccogliere data, durata e numero di partecipanti. Partirei da risposte approvate da voi, con passaggio al personale per i casi specifici.

È un aspetto che vorreste semplificare? Possiamo sentirci 10 minuti per capire come lo gestite oggi.

Tia Designs
https://tiadesigns.it"
"staviaggi.firenze@gmail.com";"";"STA Tour Operator";"STA Tour Operator - Chatbot AI per tour operator e viaggi";"Buongiorno,

sono il titolare di Tia Designs, a Mantova, e sviluppo siti e strumenti web su misura.

Ho visto che organizzate viaggi o esperienze e ricevete richieste di preventivo.

Potrei aggiungere al sito un chatbot AI in abbonamento mensile per raccogliere destinazione, periodo, partecipanti e tipo di esperienza per il primo preventivo. Partirei da risposte approvate da voi, con passaggio al personale per i casi specifici.

È un aspetto che vorreste semplificare? Possiamo sentirci 10 minuti per capire come lo gestite oggi.

Tia Designs
https://tiadesigns.it"
"info@rentboatpuglia.com";"";"Dove Siamo- Noleggio barche- Renntboatpuglia.com";"Dove Siamo- Noleggio barche- Renntboatpuglia.com - Chatbot AI per noleggio barche";"Buongiorno,

sono il titolare di Tia Designs, a Mantova, e sviluppo siti e strumenti web su misura.

Ho visto che presentate il noleggio e raccogliete richieste per le uscite.

Potrei aggiungere al sito un chatbot AI in abbonamento mensile per rispondere alle domande organizzative e raccogliere data, durata e numero di partecipanti. Partirei da risposte approvate da voi, con passaggio al personale per i casi specifici.

È un aspetto che vorreste semplificare? Possiamo sentirci 10 minuti per capire come lo gestite oggi.

Tia Designs
https://tiadesigns.it"
"info@yanezviaggi.it";"";"Yanez Viaggi | Agenzia Viaggi e Tour Operator Firenze";"Yanez Viaggi | Agenzia Viaggi e Tour Operator Firenze - Chatbot AI per servizi per animali";"Buongiorno,

sono il titolare di Tia Designs, a Mantova, e sviluppo siti e strumenti web su misura.

Ho visto che offrite servizi per animali e ricevete richieste di contatto.

Potrei aggiungere al sito un chatbot AI in abbonamento mensile per rispondere alle domande organizzative e raccogliere servizio, periodo e recapito. Partirei da risposte approvate da voi, con passaggio al personale per i casi specifici.

È un aspetto che vorreste semplificare? Possiamo sentirci 10 minuti per capire come lo gestite oggi.

Tia Designs
https://tiadesigns.it"
"info@ecotoursitalia.it";"";"Tour Operator Firenze | Ecotoursitaly 2026";"Tour Operator Firenze | Ecotoursitaly 2026 - Chatbot AI per tour operator e viaggi";"Buongiorno,

sono il titolare di Tia Designs, a Mantova, e sviluppo siti e strumenti web su misura.

Ho visto che organizzate viaggi o esperienze e ricevete richieste di preventivo.

Potrei aggiungere al sito un chatbot AI in abbonamento mensile per raccogliere destinazione, periodo, partecipanti e tipo di esperienza per il primo preventivo. Partirei da risposte approvate da voi, con passaggio al personale per i casi specifici.

È un aspetto che vorreste semplificare? Possiamo sentirci 10 minuti per capire come lo gestite oggi.

Tia Designs
https://tiadesigns.it"
"3847858info@carlateam.com";"";"Noleggio Barche - Carlà Team";"Noleggio Barche - Carlà Team - Chatbot AI per noleggio barche";"Buongiorno,

sono il titolare di Tia Designs, a Mantova, e sviluppo siti e strumenti web su misura.

Ho visto che presentate il noleggio e raccogliete richieste per le uscite.

Potrei aggiungere al sito un chatbot AI in abbonamento mensile per rispondere alle domande organizzative e raccogliere data, durata e numero di partecipanti. Partirei da risposte approvate da voi, con passaggio al personale per i casi specifici.

È un aspetto che vorreste semplificare? Possiamo sentirci 10 minuti per capire come lo gestite oggi.

Tia Designs
https://tiadesigns.it"
"giombleexperience@gmail.com";"";"Giomble Experience - Gite in Barca - Noleggio Barche - Tour Guidati e Noleggio - Otranto - Puglia";"Giomble Experience - Gite in Barca - Noleggio Barche - Tour Guidati e Noleggio - Otranto - Puglia - Chatbot AI per autoscuola";"Buongiorno,

sono il titolare di Tia Designs, a Mantova, e sviluppo siti e strumenti web su misura.

Ho visto che presentate servizi di autoscuola e richieste legate a patenti o pratiche.

Potrei aggiungere al sito un chatbot AI in abbonamento mensile per rispondere alle domande su sedi, servizi e orari e raccogliere una richiesta di ricontatto per la segreteria. Partirei da risposte approvate da voi, con passaggio al personale per i casi specifici.

È un aspetto che vorreste semplificare? Possiamo sentirci 10 minuti per capire come lo gestite oggi.

Tia Designs
https://tiadesigns.it"
"info@cgtravel.it";"";"www.cgtravel.it";"www.cgtravel.it - Chatbot AI per tour operator e viaggi";"Buongiorno,

sono il titolare di Tia Designs, a Mantova, e sviluppo siti e strumenti web su misura.

Ho visto che organizzate viaggi o esperienze e ricevete richieste di preventivo.

Potrei aggiungere al sito un chatbot AI in abbonamento mensile per raccogliere destinazione, periodo, partecipanti e tipo di esperienza per il primo preventivo. Partirei da risposte approvate da voi, con passaggio al personale per i casi specifici.

È un aspetto che vorreste semplificare? Possiamo sentirci 10 minuti per capire come lo gestite oggi.

Tia Designs
https://tiadesigns.it"
"calypsocorp@gmail.com";"";"Calypso Corporation";"Calypso Corporation - Modulo richieste per noleggio attrezzature";"Buongiorno,

sono il titolare di Tia Designs, a Mantova, e sviluppo siti e strumenti web su misura.

Ho visto che presentate attrezzature a noleggio e richieste per i clienti.

Potrei sviluppare un modulo guidato per raccogliere attrezzatura, periodo, luogo d’impiego e descrizione del lavoro. L'obiettivo sarebbe ricevere informazioni più complete già al primo contatto.

È un aspetto che vorreste semplificare? Possiamo sentirci 10 minuti per capire come lo gestite oggi.

Tia Designs
https://tiadesigns.it"
"pugliarent@gmail.com";"";"Noleggio Barche - Apulia Rent - Nolleggio Auto Moto Bici Barche a Monopoli";"Noleggio Barche - Apulia Rent - Nolleggio Auto Moto Bici Barche a Monopoli - Chatbot AI per autoscuola";"Buongiorno,

sono il titolare di Tia Designs, a Mantova, e sviluppo siti e strumenti web su misura.

Ho visto che presentate servizi di autoscuola e richieste legate a patenti o pratiche.

Potrei aggiungere al sito un chatbot AI in abbonamento mensile per rispondere alle domande su sedi, servizi e orari e raccogliere una richiesta di ricontatto per la segreteria. Partirei da risposte approvate da voi, con passaggio al personale per i casi specifici.

È un aspetto che vorreste semplificare? Possiamo sentirci 10 minuti per capire come lo gestite oggi.

Tia Designs
https://tiadesigns.it"
"info@lefraine.it";"";"Agriturismo Le Fraine - Nel cuore delle colline selvagge toscane";"Agriturismo Le Fraine - Nel cuore delle colline selvagge toscane - Chatbot AI per struttura ricettiva";"Buongiorno,

sono il titolare di Tia Designs, a Mantova, e sviluppo siti e strumenti web su misura.

Ho visto che presentate la struttura e le modalità per chiedere disponibilità.

Potrei aggiungere al sito un chatbot AI in abbonamento mensile per rispondere alle FAQ e raccogliere date, numero di ospiti e preferenze prima del ricontatto. Partirei da risposte approvate da voi, con passaggio al personale per i casi specifici.

È un aspetto che vorreste semplificare? Possiamo sentirci 10 minuti per capire come lo gestite oggi.

Tia Designs
https://tiadesigns.it"
"info@ilgiardinodisangiorgio.com";"";"Glamping - Il Giardino San Giorgio";"Glamping - Il Giardino San Giorgio - Chatbot AI per struttura ricettiva";"Buongiorno,

sono il titolare di Tia Designs, a Mantova, e sviluppo siti e strumenti web su misura.

Ho visto che presentate la struttura e le modalità per chiedere disponibilità.

Potrei aggiungere al sito un chatbot AI in abbonamento mensile per rispondere alle FAQ e raccogliere date, numero di ospiti e preferenze prima del ricontatto. Partirei da risposte approvate da voi, con passaggio al personale per i casi specifici.

È un aspetto che vorreste semplificare? Possiamo sentirci 10 minuti per capire come lo gestite oggi.

Tia Designs
https://tiadesigns.it"
"booking@santacaterinavillage.com";"";"Villaggio Turistico Calabria | Santa Caterina Village Scalea";"Villaggio Turistico Calabria | Santa Caterina Village Scalea - Chatbot AI per struttura ricettiva";"Buongiorno,

sono il titolare di Tia Designs, a Mantova, e sviluppo siti e strumenti web su misura.

Ho visto che presentate la struttura e le modalità per chiedere disponibilità.

Potrei aggiungere al sito un chatbot AI in abbonamento mensile per rispondere alle FAQ e raccogliere date, numero di ospiti e preferenze prima del ricontatto. Partirei da risposte approvate da voi, con passaggio al personale per i casi specifici.

È un aspetto che vorreste semplificare? Possiamo sentirci 10 minuti per capire come lo gestite oggi.

Tia Designs
https://tiadesigns.it"
"info@duecuorieunayurta.com";"";"e Prenotazioni | 2 Cuori e 1 Yurta Glamping";"e Prenotazioni | 2 Cuori e 1 Yurta Glamping - Modulo richieste per servizi e componenti industriali";"Buongiorno,

sono il titolare di Tia Designs, a Mantova, e sviluppo siti e strumenti web su misura.

Ho visto che presentate prodotti o lavorazioni industriali e un canale per i preventivi.

Potrei sviluppare un modulo guidato per raccogliere specifiche, quantità, tempi e allegati tecnici per il preventivo. L'obiettivo sarebbe ricevere informazioni più complete già al primo contatto.

È un aspetto che vorreste semplificare? Possiamo sentirci 10 minuti per capire come lo gestite oggi.

Tia Designs
https://tiadesigns.it"
"info@agriturismotorraccia.it";"";"Vacanza Glamping in Toscana: Agriturismo Torraccia Piombino Toscana";"Vacanza Glamping in Toscana: Agriturismo Torraccia Piombino Toscana - Chatbot AI per struttura ricettiva";"Buongiorno,

sono il titolare di Tia Designs, a Mantova, e sviluppo siti e strumenti web su misura.

Ho visto che presentate la struttura e le modalità per chiedere disponibilità.

Potrei aggiungere al sito un chatbot AI in abbonamento mensile per rispondere alle FAQ e raccogliere date, numero di ospiti e preferenze prima del ricontatto. Partirei da risposte approvate da voi, con passaggio al personale per i casi specifici.

È un aspetto che vorreste semplificare? Possiamo sentirci 10 minuti per capire come lo gestite oggi.

Tia Designs
https://tiadesigns.it"
"info@rosapineta.it";"";"Villaggio Turistico in Veneto: Contatti | Rosapineta Camping Village";"Villaggio Turistico in Veneto: Contatti | Rosapineta Camping Village - Modulo richieste per spazi per eventi";"Buongiorno,

sono il titolare di Tia Designs, a Mantova, e sviluppo siti e strumenti web su misura.

Ho visto che presentate spazi e servizi per eventi e richieste di disponibilità.

Potrei sviluppare un modulo guidato per raccogliere data, tipo di evento, partecipanti e servizi richiesti per la verifica. L'obiettivo sarebbe ricevere informazioni più complete già al primo contatto.

È un aspetto che vorreste semplificare? Possiamo sentirci 10 minuti per capire come lo gestite oggi.

Tia Designs
https://tiadesigns.it"
"viovillasarezzo@gmail.com";"";"VioVillas Agriturismo Glamping Arezzo - Agriturismo";"VioVillas Agriturismo Glamping Arezzo - Agriturismo - Chatbot AI per tour operator e viaggi";"Buongiorno,

sono il titolare di Tia Designs, a Mantova, e sviluppo siti e strumenti web su misura.

Ho visto che organizzate viaggi o esperienze e ricevete richieste di preventivo.

Potrei aggiungere al sito un chatbot AI in abbonamento mensile per raccogliere destinazione, periodo, partecipanti e tipo di esperienza per il primo preventivo. Partirei da risposte approvate da voi, con passaggio al personale per i casi specifici.

È un aspetto che vorreste semplificare? Possiamo sentirci 10 minuti per capire come lo gestite oggi.

Tia Designs
https://tiadesigns.it"
"info@torinocentrorevisioni.com";"";"Chi Siamo | TCR";"Chi Siamo | TCR - Modulo richieste per servizi auto";"Buongiorno,

sono il titolare di Tia Designs, a Mantova, e sviluppo siti e strumenti web su misura.

Ho visto che ricevete richieste per assistenza, revisioni o interventi sui veicoli.

Potrei sviluppare un modulo guidato per raccogliere tipo di intervento, veicolo, disponibilità e allegati prima del ricontatto. L'obiettivo sarebbe ricevere informazioni più complete già al primo contatto.

È un aspetto che vorreste semplificare? Possiamo sentirci 10 minuti per capire come lo gestite oggi.

Tia Designs
https://tiadesigns.it"
"sergio.colec@gmail.com";"";"Officina Auto Torino | Revisioni, GPL, Riparazioni | Colecchia";"Officina Auto Torino | Revisioni, GPL, Riparazioni | Colecchia - Modulo richieste per servizi e componenti industriali";"Buongiorno,

sono il titolare di Tia Designs, a Mantova, e sviluppo siti e strumenti web su misura.

Ho visto che presentate prodotti o lavorazioni industriali e un canale per i preventivi.

Potrei sviluppare un modulo guidato per raccogliere specifiche, quantità, tempi e allegati tecnici per il preventivo. L'obiettivo sarebbe ricevere informazioni più complete già al primo contatto.

È un aspetto che vorreste semplificare? Possiamo sentirci 10 minuti per capire come lo gestite oggi.

Tia Designs
https://tiadesigns.it"
"sinistri@carrozzeriafranco.com";"";"carrozzeriafranco";"carrozzeriafranco - Chatbot AI per servizi per animali";"Buongiorno,

sono il titolare di Tia Designs, a Mantova, e sviluppo siti e strumenti web su misura.

Ho visto che offrite servizi per animali e ricevete richieste di contatto.

Potrei aggiungere al sito un chatbot AI in abbonamento mensile per rispondere alle domande organizzative e raccogliere servizio, periodo e recapito. Partirei da risposte approvate da voi, con passaggio al personale per i casi specifici.

È un aspetto che vorreste semplificare? Possiamo sentirci 10 minuti per capire come lo gestite oggi.

Tia Designs
https://tiadesigns.it"
"firenze@carclinic.it";"";"Carrozzeria a Firenze - Riparazione danni auto | Car Clinic";"Carrozzeria a Firenze - Riparazione danni auto | Car Clinic - Modulo richieste per servizi auto";"Buongiorno,

sono il titolare di Tia Designs, a Mantova, e sviluppo siti e strumenti web su misura.

Ho visto che ricevete richieste per assistenza, revisioni o interventi sui veicoli.

Potrei sviluppare un modulo guidato per raccogliere tipo di intervento, veicolo, disponibilità e allegati prima del ricontatto. L'obiettivo sarebbe ricevere informazioni più complete già al primo contatto.

È un aspetto che vorreste semplificare? Possiamo sentirci 10 minuti per capire come lo gestite oggi.

Tia Designs
https://tiadesigns.it"
"amedeibros@gmail.com";"";"Preventivo Carrozzeria - Firenze - Amedei Bros";"Preventivo Carrozzeria - Firenze - Amedei Bros - Chatbot AI per noleggio camper";"Buongiorno,

sono il titolare di Tia Designs, a Mantova, e sviluppo siti e strumenti web su misura.

Ho visto che presentate il noleggio camper e un canale per le richieste.

Potrei aggiungere al sito un chatbot AI in abbonamento mensile per raccogliere periodo, equipaggio e preferenze sul mezzo per una prima richiesta ordinata. Partirei da risposte approvate da voi, con passaggio al personale per i casi specifici.

È un aspetto che vorreste semplificare? Possiamo sentirci 10 minuti per capire come lo gestite oggi.

Tia Designs
https://tiadesigns.it"
"info@revisioniaerre.com";"";"revisioni auto Aerre srl";"revisioni auto Aerre srl - Modulo richieste per servizi e componenti industriali";"Buongiorno,

sono il titolare di Tia Designs, a Mantova, e sviluppo siti e strumenti web su misura.

Ho visto che presentate prodotti o lavorazioni industriali e un canale per i preventivi.

Potrei sviluppare un modulo guidato per raccogliere specifiche, quantità, tempi e allegati tecnici per il preventivo. L'obiettivo sarebbe ricevere informazioni più complete già al primo contatto.

È un aspetto che vorreste semplificare? Possiamo sentirci 10 minuti per capire come lo gestite oggi.

Tia Designs
https://tiadesigns.it"
"info@centrorevisioniparcodora.it";"";"Centro Revisioni Parco Dora | Centro revisioni e riparazioni auto di tutte le marche";"Centro Revisioni Parco Dora | Centro revisioni e riparazioni auto di tutte le marche - Chatbot AI per tour operator e viaggi";"Buongiorno,

sono il titolare di Tia Designs, a Mantova, e sviluppo siti e strumenti web su misura.

Ho visto che organizzate viaggi o esperienze e ricevete richieste di preventivo.

Potrei aggiungere al sito un chatbot AI in abbonamento mensile per raccogliere destinazione, periodo, partecipanti e tipo di esperienza per il primo preventivo. Partirei da risposte approvate da voi, con passaggio al personale per i casi specifici.

È un aspetto che vorreste semplificare? Possiamo sentirci 10 minuti per capire come lo gestite oggi.

Tia Designs
https://tiadesigns.it"
"carrozzeriamugello@libero.it";"";"Carrozzeria Mugello - Carrozzeria e Meccanica a Firenze";"Carrozzeria Mugello - Carrozzeria e Meccanica a Firenze - Chatbot AI per servizi per animali";"Buongiorno,

sono il titolare di Tia Designs, a Mantova, e sviluppo siti e strumenti web su misura.

Ho visto che offrite servizi per animali e ricevete richieste di contatto.

Potrei aggiungere al sito un chatbot AI in abbonamento mensile per rispondere alle domande organizzative e raccogliere servizio, periodo e recapito. Partirei da risposte approvate da voi, con passaggio al personale per i casi specifici.

È un aspetto che vorreste semplificare? Possiamo sentirci 10 minuti per capire come lo gestite oggi.

Tia Designs
https://tiadesigns.it"
"info@sudformazione.com";"";"Sud Formazione • Ente di Formazione a Bari";"Sud Formazione • Ente di Formazione a Bari - Modulo richieste per servizi auto";"Buongiorno,

sono il titolare di Tia Designs, a Mantova, e sviluppo siti e strumenti web su misura.

Ho visto che ricevete richieste per assistenza, revisioni o interventi sui veicoli.

Potrei sviluppare un modulo guidato per raccogliere tipo di intervento, veicolo, disponibilità e allegati prima del ricontatto. L'obiettivo sarebbe ricevere informazioni più complete già al primo contatto.

È un aspetto che vorreste semplificare? Possiamo sentirci 10 minuti per capire come lo gestite oggi.

Tia Designs
https://tiadesigns.it"
"euroguidance@regione.puglia.it";"";"REGIONE | ENTE | INDIRIZZO | TEL. | E-MAIL | SITO";"REGIONE | ENTE | INDIRIZZO | TEL. | E-MAIL | SITO - Automazione richieste per formazione professionale";"Buongiorno,

sono il titolare di Tia Designs, a Mantova, e sviluppo siti e strumenti web su misura.

Ho visto che presentate corsi e percorsi di formazione con richieste di informazioni.

Potrei sviluppare una piccola automazione per organizzare le richieste per corso, sede, obiettivo e prossimo ricontatto. Prima verificherei gli strumenti che usate già, per definire un intervento circoscritto.

È un aspetto che vorreste semplificare? Possiamo sentirci 10 minuti per capire come lo gestite oggi.

Tia Designs
https://tiadesigns.it"
"spaziosalute@assistiamocasa.it";"";"Poliambulatorio Spazio Salute";"Poliambulatorio Spazio Salute - Chatbot AI per centro sportivo";"Buongiorno,

sono il titolare di Tia Designs, a Mantova, e sviluppo siti e strumenti web su misura.

Ho visto che presentate attività sportive e modalità per chiedere informazioni.

Potrei aggiungere al sito un chatbot AI in abbonamento mensile per presentare corsi e attività e raccogliere interesse, fascia oraria e recapito. Partirei da risposte approvate da voi, con passaggio al personale per i casi specifici.

È un aspetto che vorreste semplificare? Possiamo sentirci 10 minuti per capire come lo gestite oggi.

Tia Designs
https://tiadesigns.it"
"info@altuoritmo.it";"";"Al Tuo Ritmo - Fisioterapia e Salute - Bologna Mazzini";"Al Tuo Ritmo - Fisioterapia e Salute - Bologna Mazzini - Modulo richieste per servizi auto";"Buongiorno,

sono il titolare di Tia Designs, a Mantova, e sviluppo siti e strumenti web su misura.

Ho visto che ricevete richieste per assistenza, revisioni o interventi sui veicoli.

Potrei sviluppare un modulo guidato per raccogliere tipo di intervento, veicolo, disponibilità e allegati prima del ricontatto. L'obiettivo sarebbe ricevere informazioni più complete già al primo contatto.

È un aspetto che vorreste semplificare? Possiamo sentirci 10 minuti per capire come lo gestite oggi.

Tia Designs
https://tiadesigns.it"
"clinica.linari@gmail.com";"";"Clinica Veterinaria Linari";"Clinica Veterinaria Linari - Chatbot AI per servizi per animali";"Buongiorno,

sono il titolare di Tia Designs, a Mantova, e sviluppo siti e strumenti web su misura.

Ho visto che offrite servizi per animali e ricevete richieste di contatto.

Potrei aggiungere al sito un chatbot AI in abbonamento mensile per rispondere alle domande organizzative e raccogliere servizio, periodo e recapito. Partirei da risposte approvate da voi, con passaggio al personale per i casi specifici.

È un aspetto che vorreste semplificare? Possiamo sentirci 10 minuti per capire come lo gestite oggi.

Tia Designs
https://tiadesigns.it"
"bolognaferrara.ofi@fnofi.it";"";"(Telefono e posta elettronica) - OFIBOFE";"(Telefono e posta elettronica) - OFIBOFE - Modulo richieste per noleggio attrezzature";"Buongiorno,

sono il titolare di Tia Designs, a Mantova, e sviluppo siti e strumenti web su misura.

Ho visto che presentate attrezzature a noleggio e richieste per i clienti.

Potrei sviluppare un modulo guidato per raccogliere attrezzatura, periodo, luogo d’impiego e descrizione del lavoro. L'obiettivo sarebbe ricevere informazioni più complete già al primo contatto.

È un aspetto che vorreste semplificare? Possiamo sentirci 10 minuti per capire come lo gestite oggi.

Tia Designs
https://tiadesigns.it"
"matteo.fiori.vet@gmail.com";"";"NUTRIVET";"NUTRIVET - Chatbot AI per servizi per animali";"Buongiorno,

sono il titolare di Tia Designs, a Mantova, e sviluppo siti e strumenti web su misura.

Ho visto che offrite servizi per animali e ricevete richieste di contatto.

Potrei aggiungere al sito un chatbot AI in abbonamento mensile per rispondere alle domande organizzative e raccogliere servizio, periodo e recapito. Partirei da risposte approvate da voi, con passaggio al personale per i casi specifici.

È un aspetto che vorreste semplificare? Possiamo sentirci 10 minuti per capire come lo gestite oggi.

Tia Designs
https://tiadesigns.it"
"info@clinicaveterinariailmarzocco.it";"";"Clinica veterinaria il MARZOCCO";"Clinica veterinaria il MARZOCCO - Chatbot AI per servizi per animali";"Buongiorno,

sono il titolare di Tia Designs, a Mantova, e sviluppo siti e strumenti web su misura.

Ho visto che offrite servizi per animali e ricevete richieste di contatto.

Potrei aggiungere al sito un chatbot AI in abbonamento mensile per rispondere alle domande organizzative e raccogliere servizio, periodo e recapito. Partirei da risposte approvate da voi, con passaggio al personale per i casi specifici.

È un aspetto che vorreste semplificare? Possiamo sentirci 10 minuti per capire come lo gestite oggi.

Tia Designs
https://tiadesigns.it"
"info@dibeautyboutique.it";"";"Centro Estetico a Torino | DI-beauty Boutique";"Centro Estetico a Torino | DI-beauty Boutique - Chatbot AI per struttura ricettiva";"Buongiorno,

sono il titolare di Tia Designs, a Mantova, e sviluppo siti e strumenti web su misura.

Ho visto che presentate la struttura e le modalità per chiedere disponibilità.

Potrei aggiungere al sito un chatbot AI in abbonamento mensile per rispondere alle FAQ e raccogliere date, numero di ospiti e preferenze prima del ricontatto. Partirei da risposte approvate da voi, con passaggio al personale per i casi specifici.

È un aspetto che vorreste semplificare? Possiamo sentirci 10 minuti per capire come lo gestite oggi.

Tia Designs
https://tiadesigns.it"
"info@torredelcastellano.it";"";"Torre del Castellano";"Torre del Castellano - Chatbot AI per tour operator e viaggi";"Buongiorno,

sono il titolare di Tia Designs, a Mantova, e sviluppo siti e strumenti web su misura.

Ho visto che organizzate viaggi o esperienze e ricevete richieste di preventivo.

Potrei aggiungere al sito un chatbot AI in abbonamento mensile per raccogliere destinazione, periodo, partecipanti e tipo di esperienza per il primo preventivo. Partirei da risposte approvate da voi, con passaggio al personale per i casi specifici.

È un aspetto che vorreste semplificare? Possiamo sentirci 10 minuti per capire come lo gestite oggi.

Tia Designs
https://tiadesigns.it"
"info@eventiverona.it";"";"Eventi Verona Eventi Verona";"Eventi Verona Eventi Verona - Modulo richieste per spazi per eventi";"Buongiorno,

sono il titolare di Tia Designs, a Mantova, e sviluppo siti e strumenti web su misura.

Ho visto che presentate spazi e servizi per eventi e richieste di disponibilità.

Potrei sviluppare un modulo guidato per raccogliere data, tipo di evento, partecipanti e servizi richiesti per la verifica. L'obiettivo sarebbe ricevere informazioni più complete già al primo contatto.

È un aspetto che vorreste semplificare? Possiamo sentirci 10 minuti per capire come lo gestite oggi.

Tia Designs
https://tiadesigns.it"
"eventi@unina.it";"";"via Partenope – Centro Congressi Federico II – 2025";"via Partenope – Centro Congressi Federico II – 2025 - Modulo richieste per spazi per eventi";"Buongiorno,

sono il titolare di Tia Designs, a Mantova, e sviluppo siti e strumenti web su misura.

Ho visto che presentate spazi e servizi per eventi e richieste di disponibilità.

Potrei sviluppare un modulo guidato per raccogliere data, tipo di evento, partecipanti e servizi richiesti per la verifica. L'obiettivo sarebbe ricevere informazioni più complete già al primo contatto.

È un aspetto che vorreste semplificare? Possiamo sentirci 10 minuti per capire come lo gestite oggi.

Tia Designs
https://tiadesigns.it"
"meetings@grandhotelparkers.it";"";"Grand Hotel Parkers - Convention Bureau Napoli";"Grand Hotel Parkers - Convention Bureau Napoli - Chatbot AI per struttura ricettiva";"Buongiorno,

sono il titolare di Tia Designs, a Mantova, e sviluppo siti e strumenti web su misura.

Ho visto che presentate la struttura e le modalità per chiedere disponibilità.

Potrei aggiungere al sito un chatbot AI in abbonamento mensile per rispondere alle FAQ e raccogliere date, numero di ospiti e preferenze prima del ricontatto. Partirei da risposte approvate da voi, con passaggio al personale per i casi specifici.

È un aspetto che vorreste semplificare? Possiamo sentirci 10 minuti per capire come lo gestite oggi.

Tia Designs
https://tiadesigns.it"
"info@sorbigliano.com";"";"Sorbigliano | Location eventi Firenze: Villa Sorbigliano";"Sorbigliano | Location eventi Firenze: Villa Sorbigliano - Modulo richieste per spazi per eventi";"Buongiorno,

sono il titolare di Tia Designs, a Mantova, e sviluppo siti e strumenti web su misura.

Ho visto che presentate spazi e servizi per eventi e richieste di disponibilità.

Potrei sviluppare un modulo guidato per raccogliere data, tipo di evento, partecipanti e servizi richiesti per la verifica. L'obiettivo sarebbe ricevere informazioni più complete già al primo contatto.

È un aspetto che vorreste semplificare? Possiamo sentirci 10 minuti per capire come lo gestite oggi.

Tia Designs
https://tiadesigns.it"
"john@doe.com";"";"Castello per Matrimoni in Toscana - Castello di Oliveto";"Castello per Matrimoni in Toscana - Castello di Oliveto - Chatbot AI per servizi per animali";"Buongiorno,

sono il titolare di Tia Designs, a Mantova, e sviluppo siti e strumenti web su misura.

Ho visto che offrite servizi per animali e ricevete richieste di contatto.

Potrei aggiungere al sito un chatbot AI in abbonamento mensile per rispondere alle domande organizzative e raccogliere servizio, periodo e recapito. Partirei da risposte approvate da voi, con passaggio al personale per i casi specifici.

È un aspetto che vorreste semplificare? Possiamo sentirci 10 minuti per capire come lo gestite oggi.

Tia Designs
https://tiadesigns.it"
"acquarevents@gmail.com";"";"acquarevents.com";"acquarevents.com - Automazione richieste per immobiliare";"Buongiorno,

sono il titolare di Tia Designs, a Mantova, e sviluppo siti e strumenti web su misura.

Ho visto che gestite immobili o locazioni e ricevete richieste dai clienti.

Potrei sviluppare una piccola automazione per organizzare le richieste per immobile, zona, esigenza e prossimo ricontatto. Prima verificherei gli strumenti che usate già, per definire un intervento circoscritto.

È un aspetto che vorreste semplificare? Possiamo sentirci 10 minuti per capire come lo gestite oggi.

Tia Designs
https://tiadesigns.it"
"info@inlinguaverona.it";"";"inlingua Verona";"inlingua Verona - Chatbot AI per scuola di lingue";"Buongiorno,

sono il titolare di Tia Designs, a Mantova, e sviluppo siti e strumenti web su misura.

Ho visto che presentate percorsi linguistici e un canale per chiedere informazioni.

Potrei aggiungere al sito un chatbot AI in abbonamento mensile per orientare tra corsi e livelli e raccogliere lingua, obiettivo e disponibilità per la segreteria. Partirei da risposte approvate da voi, con passaggio al personale per i casi specifici.

È un aspetto che vorreste semplificare? Possiamo sentirci 10 minuti per capire come lo gestite oggi.

Tia Designs
https://tiadesigns.it"
"info.dbosco@salesianiverona.it";"";"Liceo linguistico – Istituto Don Bosco – Salesiani Verona";"Liceo linguistico – Istituto Don Bosco – Salesiani Verona - Chatbot AI per scuola di lingue";"Buongiorno,

sono il titolare di Tia Designs, a Mantova, e sviluppo siti e strumenti web su misura.

Ho visto che presentate percorsi linguistici e un canale per chiedere informazioni.

Potrei aggiungere al sito un chatbot AI in abbonamento mensile per orientare tra corsi e livelli e raccogliere lingua, obiettivo e disponibilità per la segreteria. Partirei da risposte approvate da voi, con passaggio al personale per i casi specifici.

È un aspetto che vorreste semplificare? Possiamo sentirci 10 minuti per capire come lo gestite oggi.

Tia Designs
https://tiadesigns.it"
"villanovacoworking@gmail.com";"";"Villanova Coworking – Il coworking nel cuore di Cagliari";"Villanova Coworking – Il coworking nel cuore di Cagliari - Chatbot AI per coworking";"Buongiorno,

sono il titolare di Tia Designs, a Mantova, e sviluppo siti e strumenti web su misura.

Ho visto che presentate postazioni e spazi di lavoro prenotabili.

Potrei aggiungere al sito un chatbot AI in abbonamento mensile per presentare postazioni e sale e raccogliere una richiesta di visita o prenotazione. Partirei da risposte approvate da voi, con passaggio al personale per i casi specifici.

È un aspetto che vorreste semplificare? Possiamo sentirci 10 minuti per capire come lo gestite oggi.

Tia Designs
https://tiadesigns.it"
"info@opencampus.it";"";"Open Campus Coworking | Il tuo ufficio a Cagliari";"Open Campus Coworking | Il tuo ufficio a Cagliari - Chatbot AI per coworking";"Buongiorno,

sono il titolare di Tia Designs, a Mantova, e sviluppo siti e strumenti web su misura.

Ho visto che presentate postazioni e spazi di lavoro prenotabili.

Potrei aggiungere al sito un chatbot AI in abbonamento mensile per presentare postazioni e sale e raccogliere una richiesta di visita o prenotazione. Partirei da risposte approvate da voi, con passaggio al personale per i casi specifici.

È un aspetto che vorreste semplificare? Possiamo sentirci 10 minuti per capire come lo gestite oggi.

Tia Designs
https://tiadesigns.it"
"segreteria@asterisco.sicilia.it";"";"Asterisco Centro di Formazione e Agenzia per il Lavoro";"Asterisco Centro di Formazione e Agenzia per il Lavoro - Chatbot AI per coworking";"Buongiorno,

sono il titolare di Tia Designs, a Mantova, e sviluppo siti e strumenti web su misura.

Ho visto che presentate postazioni e spazi di lavoro prenotabili.

Potrei aggiungere al sito un chatbot AI in abbonamento mensile per presentare postazioni e sale e raccogliere una richiesta di visita o prenotazione. Partirei da risposte approvate da voi, con passaggio al personale per i casi specifici.

È un aspetto che vorreste semplificare? Possiamo sentirci 10 minuti per capire come lo gestite oggi.

Tia Designs
https://tiadesigns.it"
"coworking@neunoi.it";"";"· neu [nòi] spazio al lavoro APS";"· neu [nòi] spazio al lavoro APS - Chatbot AI per coworking";"Buongiorno,

sono il titolare di Tia Designs, a Mantova, e sviluppo siti e strumenti web su misura.

Ho visto che presentate postazioni e spazi di lavoro prenotabili.

Potrei aggiungere al sito un chatbot AI in abbonamento mensile per presentare postazioni e sale e raccogliere una richiesta di visita o prenotazione. Partirei da risposte approvate da voi, con passaggio al personale per i casi specifici.

È un aspetto che vorreste semplificare? Possiamo sentirci 10 minuti per capire come lo gestite oggi.

Tia Designs
https://tiadesigns.it"
"info@selfhabitat.it";"";"Self Habitat Firenze";"Self Habitat Firenze - Modulo richieste per spazi per eventi";"Buongiorno,

sono il titolare di Tia Designs, a Mantova, e sviluppo siti e strumenti web su misura.

Ho visto che presentate spazi e servizi per eventi e richieste di disponibilità.

Potrei sviluppare un modulo guidato per raccogliere data, tipo di evento, partecipanti e servizi richiesti per la verifica. L'obiettivo sarebbe ricevere informazioni più complete già al primo contatto.

È un aspetto che vorreste semplificare? Possiamo sentirci 10 minuti per capire come lo gestite oggi.

Tia Designs
https://tiadesigns.it"
"mario.rossi@mail.com";"";"Supporto e assistenza | Casaforte";"Supporto e assistenza | Casaforte - Chatbot AI per self storage e deposito";"Buongiorno,

sono il titolare di Tia Designs, a Mantova, e sviluppo siti e strumenti web su misura.

Ho visto che presentate soluzioni di deposito e invitano a chiedere informazioni.

Potrei aggiungere al sito un chatbot AI in abbonamento mensile per spiegare le formule disponibili e raccogliere spazio, durata e data desiderata. Partirei da risposte approvate da voi, con passaggio al personale per i casi specifici.

È un aspetto che vorreste semplificare? Possiamo sentirci 10 minuti per capire come lo gestite oggi.

Tia Designs
https://tiadesigns.it"
"info@amorusotrasloca.it";"";"Custodisce - AMORUSO TRASLOCA";"Custodisce - AMORUSO TRASLOCA - Modulo richieste per noleggio attrezzature";"Buongiorno,

sono il titolare di Tia Designs, a Mantova, e sviluppo siti e strumenti web su misura.

Ho visto che presentate attrezzature a noleggio e richieste per i clienti.

Potrei sviluppare un modulo guidato per raccogliere attrezzatura, periodo, luogo d’impiego e descrizione del lavoro. L'obiettivo sarebbe ricevere informazioni più complete già al primo contatto.

È un aspetto che vorreste semplificare? Possiamo sentirci 10 minuti per capire come lo gestite oggi.

Tia Designs
https://tiadesigns.it"
"multinfo@barimultiservizi.it";"";"Bari Multiservizi";"Bari Multiservizi - Automazione richieste per immobiliare";"Buongiorno,

sono il titolare di Tia Designs, a Mantova, e sviluppo siti e strumenti web su misura.

Ho visto che gestite immobili o locazioni e ricevete richieste dai clienti.

Potrei sviluppare una piccola automazione per organizzare le richieste per immobile, zona, esigenza e prossimo ricontatto. Prima verificherei gli strumenti che usate già, per definire un intervento circoscritto.

È un aspetto che vorreste semplificare? Possiamo sentirci 10 minuti per capire come lo gestite oggi.

Tia Designs
https://tiadesigns.it"
"info@deposito-temporaneo.it";"";"ed Informazioni sul nostro servizio di locazione - Deposito Temporaneo";"ed Informazioni sul nostro servizio di locazione - Deposito Temporaneo - Chatbot AI per self storage e deposito";"Buongiorno,

sono il titolare di Tia Designs, a Mantova, e sviluppo siti e strumenti web su misura.

Ho visto che presentate soluzioni di deposito e invitano a chiedere informazioni.

Potrei aggiungere al sito un chatbot AI in abbonamento mensile per spiegare le formule disponibili e raccogliere spazio, durata e data desiderata. Partirei da risposte approvate da voi, con passaggio al personale per i casi specifici.

È un aspetto che vorreste semplificare? Possiamo sentirci 10 minuti per capire come lo gestite oggi.

Tia Designs
https://tiadesigns.it"
"info@fioretraslochi.com";"";"Deposito per Traslochi - Bari Puglia | Fiore Traslochi";"Deposito per Traslochi - Bari Puglia | Fiore Traslochi - Chatbot AI per self storage e deposito";"Buongiorno,

sono il titolare di Tia Designs, a Mantova, e sviluppo siti e strumenti web su misura.

Ho visto che presentate soluzioni di deposito e invitano a chiedere informazioni.

Potrei aggiungere al sito un chatbot AI in abbonamento mensile per spiegare le formule disponibili e raccogliere spazio, durata e data desiderata. Partirei da risposte approvate da voi, con passaggio al personale per i casi specifici.

È un aspetto che vorreste semplificare? Possiamo sentirci 10 minuti per capire come lo gestite oggi.

Tia Designs
https://tiadesigns.it"
"info@trollystorage.com";"";"Trolly Storage";"Trolly Storage - Chatbot AI per self storage e deposito";"Buongiorno,

sono il titolare di Tia Designs, a Mantova, e sviluppo siti e strumenti web su misura.

Ho visto che presentate soluzioni di deposito e invitano a chiedere informazioni.

Potrei aggiungere al sito un chatbot AI in abbonamento mensile per spiegare le formule disponibili e raccogliere spazio, durata e data desiderata. Partirei da risposte approvate da voi, con passaggio al personale per i casi specifici.

È un aspetto che vorreste semplificare? Possiamo sentirci 10 minuti per capire come lo gestite oggi.

Tia Designs
https://tiadesigns.it"
"segreteria@sportforma.it";"";"Impianti sportivi e palestre dal 1995 | SPORTFORMA APS";"Impianti sportivi e palestre dal 1995 | SPORTFORMA APS - Chatbot AI per centro sportivo";"Buongiorno,

sono il titolare di Tia Designs, a Mantova, e sviluppo siti e strumenti web su misura.

Ho visto che presentate attività sportive e modalità per chiedere informazioni.

Potrei aggiungere al sito un chatbot AI in abbonamento mensile per presentare corsi e attività e raccogliere interesse, fascia oraria e recapito. Partirei da risposte approvate da voi, con passaggio al personale per i casi specifici.

È un aspetto che vorreste semplificare? Possiamo sentirci 10 minuti per capire come lo gestite oggi.

Tia Designs
https://tiadesigns.it"
"infozumaglia@palestrevillage.it";"";"Palestre Village";"Palestre Village - Chatbot AI per centro sportivo";"Buongiorno,

sono il titolare di Tia Designs, a Mantova, e sviluppo siti e strumenti web su misura.

Ho visto che presentate attività sportive e modalità per chiedere informazioni.

Potrei aggiungere al sito un chatbot AI in abbonamento mensile per presentare corsi e attività e raccogliere interesse, fascia oraria e recapito. Partirei da risposte approvate da voi, con passaggio al personale per i casi specifici.

È un aspetto che vorreste semplificare? Possiamo sentirci 10 minuti per capire come lo gestite oggi.

Tia Designs
https://tiadesigns.it"
"info@padelpadel.it";"";"Info su WhatsApp – Padel Padel";"Info su WhatsApp – Padel Padel - Chatbot AI per centro sportivo";"Buongiorno,

sono il titolare di Tia Designs, a Mantova, e sviluppo siti e strumenti web su misura.

Ho visto che presentate attività sportive e modalità per chiedere informazioni.

Potrei aggiungere al sito un chatbot AI in abbonamento mensile per presentare corsi e attività e raccogliere interesse, fascia oraria e recapito. Partirei da risposte approvate da voi, con passaggio al personale per i casi specifici.

È un aspetto che vorreste semplificare? Possiamo sentirci 10 minuti per capire come lo gestite oggi.

Tia Designs
https://tiadesigns.it"
"info@sportown.it";"";"Prezzi Palestra Sport Town Torino";"Prezzi Palestra Sport Town Torino - Chatbot AI per centro sportivo";"Buongiorno,

sono il titolare di Tia Designs, a Mantova, e sviluppo siti e strumenti web su misura.

Ho visto che presentate attività sportive e modalità per chiedere informazioni.

Potrei aggiungere al sito un chatbot AI in abbonamento mensile per presentare corsi e attività e raccogliere interesse, fascia oraria e recapito. Partirei da risposte approvate da voi, con passaggio al personale per i casi specifici.

È un aspetto che vorreste semplificare? Possiamo sentirci 10 minuti per capire come lo gestite oggi.

Tia Designs
https://tiadesigns.it"
"airesfitness@libero.it";"";"PALESTRA AIRES FITNESS";"PALESTRA AIRES FITNESS - Chatbot AI per centro sportivo";"Buongiorno,

sono il titolare di Tia Designs, a Mantova, e sviluppo siti e strumenti web su misura.

Ho visto che presentate attività sportive e modalità per chiedere informazioni.

Potrei aggiungere al sito un chatbot AI in abbonamento mensile per presentare corsi e attività e raccogliere interesse, fascia oraria e recapito. Partirei da risposte approvate da voi, con passaggio al personale per i casi specifici.

È un aspetto che vorreste semplificare? Possiamo sentirci 10 minuti per capire come lo gestite oggi.

Tia Designs
https://tiadesigns.it"
"bigpalestra@libero.it";"";"Palestra Big Roma";"Palestra Big Roma - Chatbot AI per centro sportivo";"Buongiorno,

sono il titolare di Tia Designs, a Mantova, e sviluppo siti e strumenti web su misura.

Ho visto che presentate attività sportive e modalità per chiedere informazioni.

Potrei aggiungere al sito un chatbot AI in abbonamento mensile per presentare corsi e attività e raccogliere interesse, fascia oraria e recapito. Partirei da risposte approvate da voi, con passaggio al personale per i casi specifici.

È un aspetto che vorreste semplificare? Possiamo sentirci 10 minuti per capire come lo gestite oggi.

Tia Designs
https://tiadesigns.it"
"info@palestradiamond.it";"";"Palestra Diamond Torino";"Palestra Diamond Torino - Chatbot AI per centro sportivo";"Buongiorno,

sono il titolare di Tia Designs, a Mantova, e sviluppo siti e strumenti web su misura.

Ho visto che presentate attività sportive e modalità per chiedere informazioni.

Potrei aggiungere al sito un chatbot AI in abbonamento mensile per presentare corsi e attività e raccogliere interesse, fascia oraria e recapito. Partirei da risposte approvate da voi, con passaggio al personale per i casi specifici.

È un aspetto che vorreste semplificare? Possiamo sentirci 10 minuti per capire come lo gestite oggi.

Tia Designs
https://tiadesigns.it"
"info@lupaboxe.it";"";"Lupa Sport Club | Palestra a Roma – Via Argentina Altobelli 32";"Lupa Sport Club | Palestra a Roma – Via Argentina Altobelli 32 - Chatbot AI per centro sportivo";"Buongiorno,

sono il titolare di Tia Designs, a Mantova, e sviluppo siti e strumenti web su misura.

Ho visto che presentate attività sportive e modalità per chiedere informazioni.

Potrei aggiungere al sito un chatbot AI in abbonamento mensile per presentare corsi e attività e raccogliere interesse, fascia oraria e recapito. Partirei da risposte approvate da voi, con passaggio al personale per i casi specifici.

È un aspetto che vorreste semplificare? Possiamo sentirci 10 minuti per capire come lo gestite oggi.

Tia Designs
https://tiadesigns.it"
"info@hotelnaples.it";"";"s, telephone of Hotel Naples. How to reach us";"s, telephone of Hotel Naples. How to reach us - Chatbot AI per struttura ricettiva";"Buongiorno,

sono il titolare di Tia Designs, a Mantova, e sviluppo siti e strumenti web su misura.

Ho visto che presentate la struttura e le modalità per chiedere disponibilità.

Potrei aggiungere al sito un chatbot AI in abbonamento mensile per rispondere alle FAQ e raccogliere date, numero di ospiti e preferenze prima del ricontatto. Partirei da risposte approvate da voi, con passaggio al personale per i casi specifici.

È un aspetto che vorreste semplificare? Possiamo sentirci 10 minuti per capire come lo gestite oggi.

Tia Designs
https://tiadesigns.it"
"hotel@hotelastortorino.it";"";"Hotel Astor Torino vicino Lingotto Fiere, Stadio Olimpico, Pala Alpitour";"Hotel Astor Torino vicino Lingotto Fiere, Stadio Olimpico, Pala Alpitour - Chatbot AI per struttura ricettiva";"Buongiorno,

sono il titolare di Tia Designs, a Mantova, e sviluppo siti e strumenti web su misura.

Ho visto che presentate la struttura e le modalità per chiedere disponibilità.

Potrei aggiungere al sito un chatbot AI in abbonamento mensile per rispondere alle FAQ e raccogliere date, numero di ospiti e preferenze prima del ricontatto. Partirei da risposte approvate da voi, con passaggio al personale per i casi specifici.

È un aspetto che vorreste semplificare? Possiamo sentirci 10 minuti per capire come lo gestite oggi.

Tia Designs
https://tiadesigns.it"
"booking@hotelreginamargherita.com";"";"Regina Margherita Hotel";"Regina Margherita Hotel - Chatbot AI per struttura ricettiva";"Buongiorno,

sono il titolare di Tia Designs, a Mantova, e sviluppo siti e strumenti web su misura.

Ho visto che presentate la struttura e le modalità per chiedere disponibilità.

Potrei aggiungere al sito un chatbot AI in abbonamento mensile per rispondere alle FAQ e raccogliere date, numero di ospiti e preferenze prima del ricontatto. Partirei da risposte approvate da voi, con passaggio al personale per i casi specifici.

È un aspetto che vorreste semplificare? Possiamo sentirci 10 minuti per capire come lo gestite oggi.

Tia Designs
https://tiadesigns.it"
"info@sardegnahotelcagliari.it";"";"Alberghi di Cagliari | Infopoint Cagliari";"Alberghi di Cagliari | Infopoint Cagliari - Chatbot AI per struttura ricettiva";"Buongiorno,

sono il titolare di Tia Designs, a Mantova, e sviluppo siti e strumenti web su misura.

Ho visto che presentate la struttura e le modalità per chiedere disponibilità.

Potrei aggiungere al sito un chatbot AI in abbonamento mensile per rispondere alle FAQ e raccogliere date, numero di ospiti e preferenze prima del ricontatto. Partirei da risposte approvate da voi, con passaggio al personale per i casi specifici.

È un aspetto che vorreste semplificare? Possiamo sentirci 10 minuti per capire come lo gestite oggi.

Tia Designs
https://tiadesigns.it"
"reservations@turinhotelcompany.it";"";"TURIN HOTEL COMPANY HOTEL APPARTAMENTI ARREDATI";"TURIN HOTEL COMPANY HOTEL APPARTAMENTI ARREDATI - Chatbot AI per struttura ricettiva";"Buongiorno,

sono il titolare di Tia Designs, a Mantova, e sviluppo siti e strumenti web su misura.

Ho visto che presentate la struttura e le modalità per chiedere disponibilità.

Potrei aggiungere al sito un chatbot AI in abbonamento mensile per rispondere alle FAQ e raccogliere date, numero di ospiti e preferenze prima del ricontatto. Partirei da risposte approvate da voi, con passaggio al personale per i casi specifici.

È un aspetto che vorreste semplificare? Possiamo sentirci 10 minuti per capire come lo gestite oggi.

Tia Designs
https://tiadesigns.it"
"booking@casaclat.it";"";"Casa Clàt";"Casa Clàt - Chatbot AI per struttura ricettiva";"Buongiorno,

sono il titolare di Tia Designs, a Mantova, e sviluppo siti e strumenti web su misura.

Ho visto che presentate la struttura e le modalità per chiedere disponibilità.

Potrei aggiungere al sito un chatbot AI in abbonamento mensile per rispondere alle FAQ e raccogliere date, numero di ospiti e preferenze prima del ricontatto. Partirei da risposte approvate da voi, con passaggio al personale per i casi specifici.

È un aspetto che vorreste semplificare? Possiamo sentirci 10 minuti per capire come lo gestite oggi.

Tia Designs
https://tiadesigns.it"
"sadomusarda@virgilio.it";"";"Sa Domu Sarda";"Sa Domu Sarda - Chatbot AI per struttura ricettiva";"Buongiorno,

sono il titolare di Tia Designs, a Mantova, e sviluppo siti e strumenti web su misura.

Ho visto che presentate la struttura e le modalità per chiedere disponibilità.

Potrei aggiungere al sito un chatbot AI in abbonamento mensile per rispondere alle FAQ e raccogliere date, numero di ospiti e preferenze prima del ricontatto. Partirei da risposte approvate da voi, con passaggio al personale per i casi specifici.

È un aspetto che vorreste semplificare? Possiamo sentirci 10 minuti per capire come lo gestite oggi.

Tia Designs
https://tiadesigns.it"
"info@pietredigelo.it";"";"e Info Agriturismo in Sicilia - PIETRE DI GELO";"e Info Agriturismo in Sicilia - PIETRE DI GELO - Chatbot AI per struttura ricettiva";"Buongiorno,

sono il titolare di Tia Designs, a Mantova, e sviluppo siti e strumenti web su misura.

Ho visto che presentate la struttura e le modalità per chiedere disponibilità.

Potrei aggiungere al sito un chatbot AI in abbonamento mensile per rispondere alle FAQ e raccogliere date, numero di ospiti e preferenze prima del ricontatto. Partirei da risposte approvate da voi, con passaggio al personale per i casi specifici.

È un aspetto che vorreste semplificare? Possiamo sentirci 10 minuti per capire come lo gestite oggi.

Tia Designs
https://tiadesigns.it"
"multaiola2017@gmail.com";"";"La Multaiola";"La Multaiola - Chatbot AI per struttura ricettiva";"Buongiorno,

sono il titolare di Tia Designs, a Mantova, e sviluppo siti e strumenti web su misura.

Ho visto che presentate la struttura e le modalità per chiedere disponibilità.

Potrei aggiungere al sito un chatbot AI in abbonamento mensile per rispondere alle FAQ e raccogliere date, numero di ospiti e preferenze prima del ricontatto. Partirei da risposte approvate da voi, con passaggio al personale per i casi specifici.

È un aspetto che vorreste semplificare? Possiamo sentirci 10 minuti per capire come lo gestite oggi.

Tia Designs
https://tiadesigns.it"
"info@samendhula.com";"";"Agriturismo B&B Sa Mendhula Olbia";"Agriturismo B&B Sa Mendhula Olbia - Chatbot AI per struttura ricettiva";"Buongiorno,

sono il titolare di Tia Designs, a Mantova, e sviluppo siti e strumenti web su misura.

Ho visto che presentate la struttura e le modalità per chiedere disponibilità.

Potrei aggiungere al sito un chatbot AI in abbonamento mensile per rispondere alle FAQ e raccogliere date, numero di ospiti e preferenze prima del ricontatto. Partirei da risposte approvate da voi, con passaggio al personale per i casi specifici.

È un aspetto che vorreste semplificare? Possiamo sentirci 10 minuti per capire come lo gestite oggi.

Tia Designs
https://tiadesigns.it"
"beb.laminditta@gmail.com";"";"B&B La Minditta - San Teodoro";"B&B La Minditta - San Teodoro - Chatbot AI per struttura ricettiva";"Buongiorno,

sono il titolare di Tia Designs, a Mantova, e sviluppo siti e strumenti web su misura.

Ho visto che presentate la struttura e le modalità per chiedere disponibilità.

Potrei aggiungere al sito un chatbot AI in abbonamento mensile per rispondere alle FAQ e raccogliere date, numero di ospiti e preferenze prima del ricontatto. Partirei da risposte approvate da voi, con passaggio al personale per i casi specifici.

È un aspetto che vorreste semplificare? Possiamo sentirci 10 minuti per capire come lo gestite oggi.

Tia Designs
https://tiadesigns.it"
"bluewings@bluewings.it";"";"Bluewings Tour Operator";"Bluewings Tour Operator - Chatbot AI per tour operator e viaggi";"Buongiorno,

sono il titolare di Tia Designs, a Mantova, e sviluppo siti e strumenti web su misura.

Ho visto che organizzate viaggi o esperienze e ricevete richieste di preventivo.

Potrei aggiungere al sito un chatbot AI in abbonamento mensile per raccogliere destinazione, periodo, partecipanti e tipo di esperienza per il primo preventivo. Partirei da risposte approvate da voi, con passaggio al personale per i casi specifici.

È un aspetto che vorreste semplificare? Possiamo sentirci 10 minuti per capire come lo gestite oggi.

Tia Designs
https://tiadesigns.it"
"info@qualitygroup.it";"";"Quality Group - Contatti";"Quality Group - Contatti - Chatbot AI per tour operator e viaggi";"Buongiorno,

sono il titolare di Tia Designs, a Mantova, e sviluppo siti e strumenti web su misura.

Ho visto che organizzate viaggi o esperienze e ricevete richieste di preventivo.

Potrei aggiungere al sito un chatbot AI in abbonamento mensile per raccogliere destinazione, periodo, partecipanti e tipo di esperienza per il primo preventivo. Partirei da risposte approvate da voi, con passaggio al personale per i casi specifici.

È un aspetto che vorreste semplificare? Possiamo sentirci 10 minuti per capire come lo gestite oggi.

Tia Designs
https://tiadesigns.it"
"info@cumatravel.com";"";"aci - Cuma Travel";"aci - Cuma Travel - Chatbot AI per tour operator e viaggi";"Buongiorno,

sono il titolare di Tia Designs, a Mantova, e sviluppo siti e strumenti web su misura.

Ho visto che organizzate viaggi o esperienze e ricevete richieste di preventivo.

Potrei aggiungere al sito un chatbot AI in abbonamento mensile per raccogliere destinazione, periodo, partecipanti e tipo di esperienza per il primo preventivo. Partirei da risposte approvate da voi, con passaggio al personale per i casi specifici.

È un aspetto che vorreste semplificare? Possiamo sentirci 10 minuti per capire come lo gestite oggi.

Tia Designs
https://tiadesigns.it"
"commerciale@malanviaggi.it";"";"Malan Tour Operator";"Malan Tour Operator - Chatbot AI per tour operator e viaggi";"Buongiorno,

sono il titolare di Tia Designs, a Mantova, e sviluppo siti e strumenti web su misura.

Ho visto che organizzate viaggi o esperienze e ricevete richieste di preventivo.

Potrei aggiungere al sito un chatbot AI in abbonamento mensile per raccogliere destinazione, periodo, partecipanti e tipo di esperienza per il primo preventivo. Partirei da risposte approvate da voi, con passaggio al personale per i casi specifici.

È un aspetto che vorreste semplificare? Possiamo sentirci 10 minuti per capire come lo gestite oggi.

Tia Designs
https://tiadesigns.it"
"info@eliostours.it";"";"Elios Tours";"Elios Tours - Chatbot AI per tour operator e viaggi";"Buongiorno,

sono il titolare di Tia Designs, a Mantova, e sviluppo siti e strumenti web su misura.

Ho visto che organizzate viaggi o esperienze e ricevete richieste di preventivo.

Potrei aggiungere al sito un chatbot AI in abbonamento mensile per raccogliere destinazione, periodo, partecipanti e tipo di esperienza per il primo preventivo. Partirei da risposte approvate da voi, con passaggio al personale per i casi specifici.

È un aspetto che vorreste semplificare? Possiamo sentirci 10 minuti per capire come lo gestite oggi.

Tia Designs
https://tiadesigns.it"
"turismo@pianetagaia.it";"";"Pianeta Gaia";"Pianeta Gaia - Chatbot AI per tour operator e viaggi";"Buongiorno,

sono il titolare di Tia Designs, a Mantova, e sviluppo siti e strumenti web su misura.

Ho visto che organizzate viaggi o esperienze e ricevete richieste di preventivo.

Potrei aggiungere al sito un chatbot AI in abbonamento mensile per raccogliere destinazione, periodo, partecipanti e tipo di esperienza per il primo preventivo. Partirei da risposte approvate da voi, con passaggio al personale per i casi specifici.

È un aspetto che vorreste semplificare? Possiamo sentirci 10 minuti per capire come lo gestite oggi.

Tia Designs
https://tiadesigns.it"
"info@venetours.it";"";"venetours - benvenuti nel mio sito internet";"venetours - benvenuti nel mio sito internet - Chatbot AI per tour operator e viaggi";"Buongiorno,

sono il titolare di Tia Designs, a Mantova, e sviluppo siti e strumenti web su misura.

Ho visto che organizzate viaggi o esperienze e ricevete richieste di preventivo.

Potrei aggiungere al sito un chatbot AI in abbonamento mensile per raccogliere destinazione, periodo, partecipanti e tipo di esperienza per il primo preventivo. Partirei da risposte approvate da voi, con passaggio al personale per i casi specifici.

È un aspetto che vorreste semplificare? Possiamo sentirci 10 minuti per capire come lo gestite oggi.

Tia Designs
https://tiadesigns.it"
"info@faggianoviaggi.it";"";"Faggiano Viaggi via di Leuca, 9 Lecce";"Faggiano Viaggi via di Leuca, 9 Lecce - Chatbot AI per tour operator e viaggi";"Buongiorno,

sono il titolare di Tia Designs, a Mantova, e sviluppo siti e strumenti web su misura.

Ho visto che organizzate viaggi o esperienze e ricevete richieste di preventivo.

Potrei aggiungere al sito un chatbot AI in abbonamento mensile per raccogliere destinazione, periodo, partecipanti e tipo di esperienza per il primo preventivo. Partirei da risposte approvate da voi, con passaggio al personale per i casi specifici.

È un aspetto che vorreste semplificare? Possiamo sentirci 10 minuti per capire come lo gestite oggi.

Tia Designs
https://tiadesigns.it"
"info@milanocaravan.it";"";"Centro Milano Caravan: Vendita Sunlight, Challenger, Caravelair, LMC e noleggio camper a Seregno - M";"Centro Milano Caravan: Vendita Sunlight, Challenger, Caravelair, LMC e noleggio camper a Seregno - M - Chatbot AI per noleggio camper";"Buongiorno,

sono il titolare di Tia Designs, a Mantova, e sviluppo siti e strumenti web su misura.

Ho visto che presentate il noleggio camper e un canale per le richieste.

Potrei aggiungere al sito un chatbot AI in abbonamento mensile per raccogliere periodo, equipaggio e preferenze sul mezzo per una prima richiesta ordinata. Partirei da risposte approvate da voi, con passaggio al personale per i casi specifici.

È un aspetto che vorreste semplificare? Possiamo sentirci 10 minuti per capire come lo gestite oggi.

Tia Designs
https://tiadesigns.it"
"autovendita@live.it";"";"SD AUTO";"SD AUTO - Chatbot AI per autoscuola";"Buongiorno,

sono il titolare di Tia Designs, a Mantova, e sviluppo siti e strumenti web su misura.

Ho visto che presentate servizi di autoscuola e richieste legate a patenti o pratiche.

Potrei aggiungere al sito un chatbot AI in abbonamento mensile per rispondere alle domande su sedi, servizi e orari e raccogliere una richiesta di ricontatto per la segreteria. Partirei da risposte approvate da voi, con passaggio al personale per i casi specifici.

È un aspetto che vorreste semplificare? Possiamo sentirci 10 minuti per capire come lo gestite oggi.

Tia Designs
https://tiadesigns.it"
"noleggio@iveco-orecchia.it";"";"Team Iveco Orecchia NOLEGGIO - Iveco Orecchia";"Team Iveco Orecchia NOLEGGIO - Iveco Orecchia - Modulo richieste per servizi e componenti industriali";"Buongiorno,

sono il titolare di Tia Designs, a Mantova, e sviluppo siti e strumenti web su misura.

Ho visto che presentate prodotti o lavorazioni industriali e un canale per i preventivi.

Potrei sviluppare un modulo guidato per raccogliere specifiche, quantità, tempi e allegati tecnici per il preventivo. L'obiettivo sarebbe ricevere informazioni più complete già al primo contatto.

È un aspetto che vorreste semplificare? Possiamo sentirci 10 minuti per capire come lo gestite oggi.

Tia Designs
https://tiadesigns.it"
"cagliari@noleggiora.it";"";"Noleggio Auto Sardegna | Noleggiora il Noleggio auto in Sardegna";"Noleggio Auto Sardegna | Noleggiora il Noleggio auto in Sardegna - Modulo richieste per noleggio attrezzature";"Buongiorno,

sono il titolare di Tia Designs, a Mantova, e sviluppo siti e strumenti web su misura.

Ho visto che presentate attrezzature a noleggio e richieste per i clienti.

Potrei sviluppare un modulo guidato per raccogliere attrezzatura, periodo, luogo d’impiego e descrizione del lavoro. L'obiettivo sarebbe ricevere informazioni più complete già al primo contatto.

È un aspetto che vorreste semplificare? Possiamo sentirci 10 minuti per capire come lo gestite oggi.

Tia Designs
https://tiadesigns.it"
"autonoleggi@preda.it";"";"Noleggio Camper a Bergamo e Milano | Autonoleggi Preda";"Noleggio Camper a Bergamo e Milano | Autonoleggi Preda - Chatbot AI per noleggio camper";"Buongiorno,

sono il titolare di Tia Designs, a Mantova, e sviluppo siti e strumenti web su misura.

Ho visto che presentate il noleggio camper e un canale per le richieste.

Potrei aggiungere al sito un chatbot AI in abbonamento mensile per raccogliere periodo, equipaggio e preferenze sul mezzo per una prima richiesta ordinata. Partirei da risposte approvate da voi, con passaggio al personale per i casi specifici.

È un aspetto che vorreste semplificare? Possiamo sentirci 10 minuti per capire come lo gestite oggi.

Tia Designs
https://tiadesigns.it"
"commerciale@noleggiamoauto.it";"";"Noleggiamoauto";"Noleggiamoauto - Modulo richieste per spazi per eventi";"Buongiorno,

sono il titolare di Tia Designs, a Mantova, e sviluppo siti e strumenti web su misura.

Ho visto che presentate spazi e servizi per eventi e richieste di disponibilità.

Potrei sviluppare un modulo guidato per raccogliere data, tipo di evento, partecipanti e servizi richiesti per la verifica. L'obiettivo sarebbe ricevere informazioni più complete già al primo contatto.

È un aspetto che vorreste semplificare? Possiamo sentirci 10 minuti per capire come lo gestite oggi.

Tia Designs
https://tiadesigns.it"
"revisione@gdpservicebari.com";"";"GDP Service Bari";"GDP Service Bari - Modulo richieste per servizi e componenti industriali";"Buongiorno,

sono il titolare di Tia Designs, a Mantova, e sviluppo siti e strumenti web su misura.

Ho visto che presentate prodotti o lavorazioni industriali e un canale per i preventivi.

Potrei sviluppare un modulo guidato per raccogliere specifiche, quantità, tempi e allegati tecnici per il preventivo. L'obiettivo sarebbe ricevere informazioni più complete già al primo contatto.

È un aspetto che vorreste semplificare? Possiamo sentirci 10 minuti per capire come lo gestite oggi.

Tia Designs
https://tiadesigns.it"
"info@metrocarbari.it";"";"aci - Metrocar Bari";"aci - Metrocar Bari - Modulo richieste per servizi auto";"Buongiorno,

sono il titolare di Tia Designs, a Mantova, e sviluppo siti e strumenti web su misura.

Ho visto che ricevete richieste per assistenza, revisioni o interventi sui veicoli.

Potrei sviluppare un modulo guidato per raccogliere tipo di intervento, veicolo, disponibilità e allegati prima del ricontatto. L'obiettivo sarebbe ricevere informazioni più complete già al primo contatto.

È un aspetto che vorreste semplificare? Possiamo sentirci 10 minuti per capire come lo gestite oggi.

Tia Designs
https://tiadesigns.it"
"centrorevisionicapurso@gmail.com";"";"Centro Revisioni MT Capurso (BA) | Revisioni Auto, Moto e Veicoli";"Centro Revisioni MT Capurso (BA) | Revisioni Auto, Moto e Veicoli - Chatbot AI per noleggio camper";"Buongiorno,

sono il titolare di Tia Designs, a Mantova, e sviluppo siti e strumenti web su misura.

Ho visto che presentate il noleggio camper e un canale per le richieste.

Potrei aggiungere al sito un chatbot AI in abbonamento mensile per raccogliere periodo, equipaggio e preferenze sul mezzo per una prima richiesta ordinata. Partirei da risposte approvate da voi, con passaggio al personale per i casi specifici.

È un aspetto che vorreste semplificare? Possiamo sentirci 10 minuti per capire come lo gestite oggi.

Tia Designs
https://tiadesigns.it"
"minotamma@libero.it";"";"Revisione auto e moto - Bari - Cosimo Tamma";"Revisione auto e moto - Bari - Cosimo Tamma - Modulo richieste per servizi e componenti industriali";"Buongiorno,

sono il titolare di Tia Designs, a Mantova, e sviluppo siti e strumenti web su misura.

Ho visto che presentate prodotti o lavorazioni industriali e un canale per i preventivi.

Potrei sviluppare un modulo guidato per raccogliere specifiche, quantità, tempi e allegati tecnici per il preventivo. L'obiettivo sarebbe ricevere informazioni più complete già al primo contatto.

È un aspetto che vorreste semplificare? Possiamo sentirci 10 minuti per capire come lo gestite oggi.

Tia Designs
https://tiadesigns.it"
"info@romanocarservice.com";"";"Carrozzeria Auto Napoli - Romano Car Service";"Carrozzeria Auto Napoli - Romano Car Service - Modulo richieste per servizi e componenti industriali";"Buongiorno,

sono il titolare di Tia Designs, a Mantova, e sviluppo siti e strumenti web su misura.

Ho visto che presentate prodotti o lavorazioni industriali e un canale per i preventivi.

Potrei sviluppare un modulo guidato per raccogliere specifiche, quantità, tempi e allegati tecnici per il preventivo. L'obiettivo sarebbe ricevere informazioni più complete già al primo contatto.

È un aspetto che vorreste semplificare? Possiamo sentirci 10 minuti per capire come lo gestite oggi.

Tia Designs
https://tiadesigns.it"
"car.top@tiscali.it";"";"officina e carrozzeria Cagliari - Car. Mec. Carrozzeria Meccanica";"officina e carrozzeria Cagliari - Car. Mec. Carrozzeria Meccanica - Chatbot AI per servizi per animali";"Buongiorno,

sono il titolare di Tia Designs, a Mantova, e sviluppo siti e strumenti web su misura.

Ho visto che offrite servizi per animali e ricevete richieste di contatto.

Potrei aggiungere al sito un chatbot AI in abbonamento mensile per rispondere alle domande organizzative e raccogliere servizio, periodo e recapito. Partirei da risposte approvate da voi, con passaggio al personale per i casi specifici.

È un aspetto che vorreste semplificare? Possiamo sentirci 10 minuti per capire come lo gestite oggi.

Tia Designs
https://tiadesigns.it"
"info@carmaxcagliari.com";"";"vieni a trovarci a Cagliari | Car Max Cagliari";"vieni a trovarci a Cagliari | Car Max Cagliari - Modulo richieste per servizi e componenti industriali";"Buongiorno,

sono il titolare di Tia Designs, a Mantova, e sviluppo siti e strumenti web su misura.

Ho visto che presentate prodotti o lavorazioni industriali e un canale per i preventivi.

Potrei sviluppare un modulo guidato per raccogliere specifiche, quantità, tempi e allegati tecnici per il preventivo. L'obiettivo sarebbe ricevere informazioni più complete già al primo contatto.

È un aspetto che vorreste semplificare? Possiamo sentirci 10 minuti per capire come lo gestite oggi.

Tia Designs
https://tiadesigns.it"
"info@sacagroup.it";"";"Carrozzeria - Saca Group";"Carrozzeria - Saca Group - Modulo richieste per spazi per eventi";"Buongiorno,

sono il titolare di Tia Designs, a Mantova, e sviluppo siti e strumenti web su misura.

Ho visto che presentate spazi e servizi per eventi e richieste di disponibilità.

Potrei sviluppare un modulo guidato per raccogliere data, tipo di evento, partecipanti e servizi richiesti per la verifica. L'obiettivo sarebbe ricevere informazioni più complete già al primo contatto.

È un aspetto che vorreste semplificare? Possiamo sentirci 10 minuti per capire come lo gestite oggi.

Tia Designs
https://tiadesigns.it"
"info@sainas.it";"";"Officina Meccanica Franco Sainas & C. s.a.s.";"Officina Meccanica Franco Sainas & C. s.a.s. - Chatbot AI per servizi per animali";"Buongiorno,

sono il titolare di Tia Designs, a Mantova, e sviluppo siti e strumenti web su misura.

Ho visto che offrite servizi per animali e ricevete richieste di contatto.

Potrei aggiungere al sito un chatbot AI in abbonamento mensile per rispondere alle domande organizzative e raccogliere servizio, periodo e recapito. Partirei da risposte approvate da voi, con passaggio al personale per i casi specifici.

È un aspetto che vorreste semplificare? Possiamo sentirci 10 minuti per capire come lo gestite oggi.

Tia Designs
https://tiadesigns.it"
"mctcba13-scavovito@libero.it";"";"Centro revisioni veicoli Officina scavo vitantonio - Bari | Revisionionline";"Centro revisioni veicoli Officina scavo vitantonio - Bari | Revisionionline - Modulo richieste per servizi e componenti industriali";"Buongiorno,

sono il titolare di Tia Designs, a Mantova, e sviluppo siti e strumenti web su misura.

Ho visto che presentate prodotti o lavorazioni industriali e un canale per i preventivi.

Potrei sviluppare un modulo guidato per raccogliere specifiche, quantità, tempi e allegati tecnici per il preventivo. L'obiettivo sarebbe ricevere informazioni più complete già al primo contatto.

È un aspetto che vorreste semplificare? Possiamo sentirci 10 minuti per capire come lo gestite oggi.

Tia Designs
https://tiadesigns.it"
"performare@immaginazioneelavoro.it";"";"Sedi - Immaginazione e Lavoro - Orari, contatti e indirizzi";"Sedi - Immaginazione e Lavoro - Orari, contatti e indirizzi - Automazione richieste per formazione professionale";"Buongiorno,

sono il titolare di Tia Designs, a Mantova, e sviluppo siti e strumenti web su misura.

Ho visto che presentate corsi e percorsi di formazione con richieste di informazioni.

Potrei sviluppare una piccola automazione per organizzare le richieste per corso, sede, obiettivo e prossimo ricontatto. Prima verificherei gli strumenti che usate già, per definire un intervento circoscritto.

È un aspetto che vorreste semplificare? Possiamo sentirci 10 minuti per capire come lo gestite oggi.

Tia Designs
https://tiadesigns.it"
"agenzia.formativa@tuttoeuropa.it";"";"Agenzia Formativa tuttoEUROPA";"Agenzia Formativa tuttoEUROPA - Automazione richieste per formazione professionale";"Buongiorno,

sono il titolare di Tia Designs, a Mantova, e sviluppo siti e strumenti web su misura.

Ho visto che presentate corsi e percorsi di formazione con richieste di informazioni.

Potrei sviluppare una piccola automazione per organizzare le richieste per corso, sede, obiettivo e prossimo ricontatto. Prima verificherei gli strumenti che usate già, per definire un intervento circoscritto.

È un aspetto che vorreste semplificare? Possiamo sentirci 10 minuti per capire come lo gestite oggi.

Tia Designs
https://tiadesigns.it"
"info.impresapulizietorino@gmail.com";"";"Impresa di pulizia a Torino";"Impresa di pulizia a Torino - Modulo richieste per pulizie e facility";"Buongiorno,

sono il titolare di Tia Designs, a Mantova, e sviluppo siti e strumenti web su misura.

Ho visto che offrite servizi di pulizia o facility per attività e strutture.

Potrei sviluppare un modulo guidato per raccogliere tipologia di struttura, frequenza e volumi indicativi per la proposta. L'obiettivo sarebbe ricevere informazioni più complete già al primo contatto.

È un aspetto che vorreste semplificare? Possiamo sentirci 10 minuti per capire come lo gestite oggi.

Tia Designs
https://tiadesigns.it"
"info@upgradingservices.it";"";"Upgrading Services Spa";"Upgrading Services Spa - Modulo richieste per pulizie e facility";"Buongiorno,

sono il titolare di Tia Designs, a Mantova, e sviluppo siti e strumenti web su misura.

Ho visto che offrite servizi di pulizia o facility per attività e strutture.

Potrei sviluppare un modulo guidato per raccogliere tipologia di struttura, frequenza e volumi indicativi per la proposta. L'obiettivo sarebbe ricevere informazioni più complete già al primo contatto.

È un aspetto che vorreste semplificare? Possiamo sentirci 10 minuti per capire come lo gestite oggi.

Tia Designs
https://tiadesigns.it"
"info@lapulisan.it";"";"di Global Service e Integrated Facility Management - La Pulisan Srl";"di Global Service e Integrated Facility Management - La Pulisan Srl - Modulo richieste per pulizie e facility";"Buongiorno,

sono il titolare di Tia Designs, a Mantova, e sviluppo siti e strumenti web su misura.

Ho visto che offrite servizi di pulizia o facility per attività e strutture.

Potrei sviluppare un modulo guidato per raccogliere tipologia di struttura, frequenza e volumi indicativi per la proposta. L'obiettivo sarebbe ricevere informazioni più complete già al primo contatto.

È un aspetto che vorreste semplificare? Possiamo sentirci 10 minuti per capire come lo gestite oggi.

Tia Designs
https://tiadesigns.it"
"commerciale@mecbarisrl.it";"";"Manutenzione impianti industriali e facility management";"Manutenzione impianti industriali e facility management - Modulo richieste per pulizie e facility";"Buongiorno,

sono il titolare di Tia Designs, a Mantova, e sviluppo siti e strumenti web su misura.

Ho visto che offrite servizi di pulizia o facility per attività e strutture.

Potrei sviluppare un modulo guidato per raccogliere tipologia di struttura, frequenza e volumi indicativi per la proposta. L'obiettivo sarebbe ricevere informazioni più complete già al primo contatto.

È un aspetto che vorreste semplificare? Possiamo sentirci 10 minuti per capire come lo gestite oggi.

Tia Designs
https://tiadesigns.it"
"info@foscompany.it";"";"Fos Company - FosCompany";"Fos Company - FosCompany - Chatbot AI per struttura ricettiva";"Buongiorno,

sono il titolare di Tia Designs, a Mantova, e sviluppo siti e strumenti web su misura.

Ho visto che presentate la struttura e le modalità per chiedere disponibilità.

Potrei aggiungere al sito un chatbot AI in abbonamento mensile per rispondere alle FAQ e raccogliere date, numero di ospiti e preferenze prima del ricontatto. Partirei da risposte approvate da voi, con passaggio al personale per i casi specifici.

È un aspetto che vorreste semplificare? Possiamo sentirci 10 minuti per capire come lo gestite oggi.

Tia Designs
https://tiadesigns.it"
"info@quadrasoluzioni.com";"";"Azienda Specializzata Impresa di Pulizie a Torino | Quadra Soluzioni Srl";"Azienda Specializzata Impresa di Pulizie a Torino | Quadra Soluzioni Srl - Modulo richieste per pulizie e facility";"Buongiorno,

sono il titolare di Tia Designs, a Mantova, e sviluppo siti e strumenti web su misura.

Ho visto che offrite servizi di pulizia o facility per attività e strutture.

Potrei sviluppare un modulo guidato per raccogliere tipologia di struttura, frequenza e volumi indicativi per la proposta. L'obiettivo sarebbe ricevere informazioni più complete già al primo contatto.

È un aspetto che vorreste semplificare? Possiamo sentirci 10 minuti per capire come lo gestite oggi.

Tia Designs
https://tiadesigns.it"
"info@worldservicesrls.it";"";"Impresa Pulizie Torino";"Impresa Pulizie Torino - Modulo richieste per pulizie e facility";"Buongiorno,

sono il titolare di Tia Designs, a Mantova, e sviluppo siti e strumenti web su misura.

Ho visto che offrite servizi di pulizia o facility per attività e strutture.

Potrei sviluppare un modulo guidato per raccogliere tipologia di struttura, frequenza e volumi indicativi per la proposta. L'obiettivo sarebbe ricevere informazioni più complete già al primo contatto.

È un aspetto che vorreste semplificare? Possiamo sentirci 10 minuti per capire come lo gestite oggi.

Tia Designs
https://tiadesigns.it"
"pulitecnica@pulitecnica.net";"";"Richiedi Preventivo Gratuito Pulizie Torino | Pulitecnica";"Richiedi Preventivo Gratuito Pulizie Torino | Pulitecnica - Modulo richieste per pulizie e facility";"Buongiorno,

sono il titolare di Tia Designs, a Mantova, e sviluppo siti e strumenti web su misura.

Ho visto che offrite servizi di pulizia o facility per attività e strutture.

Potrei sviluppare un modulo guidato per raccogliere tipologia di struttura, frequenza e volumi indicativi per la proposta. L'obiettivo sarebbe ricevere informazioni più complete già al primo contatto.

È un aspetto che vorreste semplificare? Possiamo sentirci 10 minuti per capire come lo gestite oggi.

Tia Designs
https://tiadesigns.it"
"host@ampropertymanager.com";"";"am - property manager: gestione immobiliare semplice | AM - Property Manager";"am - property manager: gestione immobiliare semplice | AM - Property Manager - Automazione richieste per immobiliare";"Buongiorno,

sono il titolare di Tia Designs, a Mantova, e sviluppo siti e strumenti web su misura.

Ho visto che gestite immobili o locazioni e ricevete richieste dai clienti.

Potrei sviluppare una piccola automazione per organizzare le richieste per immobile, zona, esigenza e prossimo ricontatto. Prima verificherei gli strumenti che usate già, per definire un intervento circoscritto.

È un aspetto che vorreste semplificare? Possiamo sentirci 10 minuti per capire come lo gestite oggi.

Tia Designs
https://tiadesigns.it"
"affittibrevi@consultingid.it";"";"Palermo Rent Flat - Agenzia di gestione affitti brevi - Palermo";"Palermo Rent Flat - Agenzia di gestione affitti brevi - Palermo - Chatbot AI per tour operator e viaggi";"Buongiorno,

sono il titolare di Tia Designs, a Mantova, e sviluppo siti e strumenti web su misura.

Ho visto che organizzate viaggi o esperienze e ricevete richieste di preventivo.

Potrei aggiungere al sito un chatbot AI in abbonamento mensile per raccogliere destinazione, periodo, partecipanti e tipo di esperienza per il primo preventivo. Partirei da risposte approvate da voi, con passaggio al personale per i casi specifici.

È un aspetto che vorreste semplificare? Possiamo sentirci 10 minuti per capire come lo gestite oggi.

Tia Designs
https://tiadesigns.it"
"baravellistudio@gmail.com";"";"Studio - Studiobaravelli";"Studio - Studiobaravelli - Automazione richieste per immobiliare";"Buongiorno,

sono il titolare di Tia Designs, a Mantova, e sviluppo siti e strumenti web su misura.

Ho visto che gestite immobili o locazioni e ricevete richieste dai clienti.

Potrei sviluppare una piccola automazione per organizzare le richieste per immobile, zona, esigenza e prossimo ricontatto. Prima verificherei gli strumenti che usate già, per definire un intervento circoscritto.

È un aspetto che vorreste semplificare? Possiamo sentirci 10 minuti per capire come lo gestite oggi.

Tia Designs
https://tiadesigns.it"
"iolandabusetta.80@libero.it";"";"Gestione affitti brevi a Palermo | Iolanda Busetta";"Gestione affitti brevi a Palermo | Iolanda Busetta - Automazione richieste per immobiliare";"Buongiorno,

sono il titolare di Tia Designs, a Mantova, e sviluppo siti e strumenti web su misura.

Ho visto che gestite immobili o locazioni e ricevete richieste dai clienti.

Potrei sviluppare una piccola automazione per organizzare le richieste per immobile, zona, esigenza e prossimo ricontatto. Prima verificherei gli strumenti che usate già, per definire un intervento circoscritto.

È un aspetto che vorreste semplificare? Possiamo sentirci 10 minuti per capire come lo gestite oggi.

Tia Designs
https://tiadesigns.it"
"firenze@grupposeitoscana.it";"";"Gruppo SEI";"Gruppo SEI - Automazione richieste per immobiliare";"Buongiorno,

sono il titolare di Tia Designs, a Mantova, e sviluppo siti e strumenti web su misura.

Ho visto che gestite immobili o locazioni e ricevete richieste dai clienti.

Potrei sviluppare una piccola automazione per organizzare le richieste per immobile, zona, esigenza e prossimo ricontatto. Prima verificherei gli strumenti che usate già, per definire un intervento circoscritto.

È un aspetto che vorreste semplificare? Possiamo sentirci 10 minuti per capire come lo gestite oggi.

Tia Designs
https://tiadesigns.it"
"info@milanomacchine.it";"";"Milano Macchine";"Milano Macchine - Modulo richieste per servizi e componenti industriali";"Buongiorno,

sono il titolare di Tia Designs, a Mantova, e sviluppo siti e strumenti web su misura.

Ho visto che presentate prodotti o lavorazioni industriali e un canale per i preventivi.

Potrei sviluppare un modulo guidato per raccogliere specifiche, quantità, tempi e allegati tecnici per il preventivo. L'obiettivo sarebbe ricevere informazioni più complete già al primo contatto.

È un aspetto che vorreste semplificare? Possiamo sentirci 10 minuti per capire come lo gestite oggi.

Tia Designs
https://tiadesigns.it"
"c.s.srl.susini@gmail.com";"";"C.S. SRL";"C.S. SRL - Chatbot AI per servizi per animali";"Buongiorno,

sono il titolare di Tia Designs, a Mantova, e sviluppo siti e strumenti web su misura.

Ho visto che offrite servizi per animali e ricevete richieste di contatto.

Potrei aggiungere al sito un chatbot AI in abbonamento mensile per rispondere alle domande organizzative e raccogliere servizio, periodo e recapito. Partirei da risposte approvate da voi, con passaggio al personale per i casi specifici.

È un aspetto che vorreste semplificare? Possiamo sentirci 10 minuti per capire come lo gestite oggi.

Tia Designs
https://tiadesigns.it"
"info@officinemecar.com";"";"Me.Car Bari: azienda di costruzioni meccaniche";"Me.Car Bari: azienda di costruzioni meccaniche - Chatbot AI per servizi per animali";"Buongiorno,

sono il titolare di Tia Designs, a Mantova, e sviluppo siti e strumenti web su misura.

Ho visto che offrite servizi per animali e ricevete richieste di contatto.

Potrei aggiungere al sito un chatbot AI in abbonamento mensile per rispondere alle domande organizzative e raccogliere servizio, periodo e recapito. Partirei da risposte approvate da voi, con passaggio al personale per i casi specifici.

È un aspetto che vorreste semplificare? Possiamo sentirci 10 minuti per capire come lo gestite oggi.

Tia Designs
https://tiadesigns.it"
"omcf@omcf.it";"";"Lavorazione metalli a Firenze dal 1956 | OMCF S.r.l. | Benvenuti - Home";"Lavorazione metalli a Firenze dal 1956 | OMCF S.r.l. | Benvenuti - Home - Chatbot AI per servizi per animali";"Buongiorno,

sono il titolare di Tia Designs, a Mantova, e sviluppo siti e strumenti web su misura.

Ho visto che offrite servizi per animali e ricevete richieste di contatto.

Potrei aggiungere al sito un chatbot AI in abbonamento mensile per rispondere alle domande organizzative e raccogliere servizio, periodo e recapito. Partirei da risposte approvate da voi, con passaggio al personale per i casi specifici.

È un aspetto che vorreste semplificare? Possiamo sentirci 10 minuti per capire come lo gestite oggi.

Tia Designs
https://tiadesigns.it"
"info@hegsrl.it";"";"H.E.G. Srl – Produzione Particolari a Disegno";"H.E.G. Srl – Produzione Particolari a Disegno - Chatbot AI per servizi per animali";"Buongiorno,

sono il titolare di Tia Designs, a Mantova, e sviluppo siti e strumenti web su misura.

Ho visto che offrite servizi per animali e ricevete richieste di contatto.

Potrei aggiungere al sito un chatbot AI in abbonamento mensile per rispondere alle domande organizzative e raccogliere servizio, periodo e recapito. Partirei da risposte approvate da voi, con passaggio al personale per i casi specifici.

È un aspetto che vorreste semplificare? Possiamo sentirci 10 minuti per capire come lo gestite oggi.

Tia Designs
https://tiadesigns.it"
"info@imuspa.it";"";"International Macchine Utensili spa";"International Macchine Utensili spa - Chatbot AI per servizi per animali";"Buongiorno,

sono il titolare di Tia Designs, a Mantova, e sviluppo siti e strumenti web su misura.

Ho visto che offrite servizi per animali e ricevete richieste di contatto.

Potrei aggiungere al sito un chatbot AI in abbonamento mensile per rispondere alle domande organizzative e raccogliere servizio, periodo e recapito. Partirei da risposte approvate da voi, con passaggio al personale per i casi specifici.

È un aspetto che vorreste semplificare? Possiamo sentirci 10 minuti per capire come lo gestite oggi.

Tia Designs
https://tiadesigns.it"
"comec@comecfi.it";"";"Officina meccanica di precisione e montaggio - Comec";"Officina meccanica di precisione e montaggio - Comec - Chatbot AI per servizi per animali";"Buongiorno,

sono il titolare di Tia Designs, a Mantova, e sviluppo siti e strumenti web su misura.

Ho visto che offrite servizi per animali e ricevete richieste di contatto.

Potrei aggiungere al sito un chatbot AI in abbonamento mensile per rispondere alle domande organizzative e raccogliere servizio, periodo e recapito. Partirei da risposte approvate da voi, con passaggio al personale per i casi specifici.

È un aspetto che vorreste semplificare? Possiamo sentirci 10 minuti per capire come lo gestite oggi.

Tia Designs
https://tiadesigns.it"
"autofficinacosola@live.it";"";"Officina meccanica a Bari | Autofficina Cosola";"Officina meccanica a Bari | Autofficina Cosola - Chatbot AI per servizi per animali";"Buongiorno,

sono il titolare di Tia Designs, a Mantova, e sviluppo siti e strumenti web su misura.

Ho visto che offrite servizi per animali e ricevete richieste di contatto.

Potrei aggiungere al sito un chatbot AI in abbonamento mensile per rispondere alle domande organizzative e raccogliere servizio, periodo e recapito. Partirei da risposte approvate da voi, con passaggio al personale per i casi specifici.

È un aspetto che vorreste semplificare? Possiamo sentirci 10 minuti per capire come lo gestite oggi.

Tia Designs
https://tiadesigns.it"
"6552266info@tecnoalt.it";"";"Noleggio piattaforme aeree Roma Sede Legale | NOLOTECNICA";"Noleggio piattaforme aeree Roma Sede Legale | NOLOTECNICA - Modulo richieste per servizi e componenti industriali";"Buongiorno,

sono il titolare di Tia Designs, a Mantova, e sviluppo siti e strumenti web su misura.

Ho visto che presentate prodotti o lavorazioni industriali e un canale per i preventivi.

Potrei sviluppare un modulo guidato per raccogliere specifiche, quantità, tempi e allegati tecnici per il preventivo. L'obiettivo sarebbe ricevere informazioni più complete già al primo contatto.

È un aspetto che vorreste semplificare? Possiamo sentirci 10 minuti per capire come lo gestite oggi.

Tia Designs
https://tiadesigns.it"
"noleggio@nolital.it";"";"Nolital piattaforme Roma - nolital";"Nolital piattaforme Roma - nolital - Modulo richieste per noleggio attrezzature";"Buongiorno,

sono il titolare di Tia Designs, a Mantova, e sviluppo siti e strumenti web su misura.

Ho visto che presentate attrezzature a noleggio e richieste per i clienti.

Potrei sviluppare un modulo guidato per raccogliere attrezzatura, periodo, luogo d’impiego e descrizione del lavoro. L'obiettivo sarebbe ricevere informazioni più complete già al primo contatto.

È un aspetto che vorreste semplificare? Possiamo sentirci 10 minuti per capire come lo gestite oggi.

Tia Designs
https://tiadesigns.it"
"info@topnoleggio.it";"";"Soluzioni per noleggio di piattaforme a Roma | TOP Noleggio";"Soluzioni per noleggio di piattaforme a Roma | TOP Noleggio - Modulo richieste per noleggio attrezzature";"Buongiorno,

sono il titolare di Tia Designs, a Mantova, e sviluppo siti e strumenti web su misura.

Ho visto che presentate attrezzature a noleggio e richieste per i clienti.

Potrei sviluppare un modulo guidato per raccogliere attrezzatura, periodo, luogo d’impiego e descrizione del lavoro. L'obiettivo sarebbe ricevere informazioni più complete già al primo contatto.

È un aspetto che vorreste semplificare? Possiamo sentirci 10 minuti per capire come lo gestite oggi.

Tia Designs
https://tiadesigns.it"
"noleggi@newedilmat.it";"";"Noleggio piattaforme aeree Roma | BASSO Srl";"Noleggio piattaforme aeree Roma | BASSO Srl - Modulo richieste per servizi e componenti industriali";"Buongiorno,

sono il titolare di Tia Designs, a Mantova, e sviluppo siti e strumenti web su misura.

Ho visto che presentate prodotti o lavorazioni industriali e un canale per i preventivi.

Potrei sviluppare un modulo guidato per raccogliere specifiche, quantità, tempi e allegati tecnici per il preventivo. L'obiettivo sarebbe ricevere informazioni più complete già al primo contatto.

È un aspetto che vorreste semplificare? Possiamo sentirci 10 minuti per capire come lo gestite oggi.

Tia Designs
https://tiadesigns.it"
"romalift@romalift.com";"";"· Roma Lift SRL";"· Roma Lift SRL - Modulo richieste per servizi e componenti industriali";"Buongiorno,

sono il titolare di Tia Designs, a Mantova, e sviluppo siti e strumenti web su misura.

Ho visto che presentate prodotti o lavorazioni industriali e un canale per i preventivi.

Potrei sviluppare un modulo guidato per raccogliere specifiche, quantità, tempi e allegati tecnici per il preventivo. L'obiettivo sarebbe ricevere informazioni più complete già al primo contatto.

È un aspetto che vorreste semplificare? Possiamo sentirci 10 minuti per capire come lo gestite oggi.

Tia Designs
https://tiadesigns.it"
"info@evanolo.it";"";"Evanolo";"Evanolo - Modulo richieste per servizi e componenti industriali";"Buongiorno,

sono il titolare di Tia Designs, a Mantova, e sviluppo siti e strumenti web su misura.

Ho visto che presentate prodotti o lavorazioni industriali e un canale per i preventivi.

Potrei sviluppare un modulo guidato per raccogliere specifiche, quantità, tempi e allegati tecnici per il preventivo. L'obiettivo sarebbe ricevere informazioni più complete già al primo contatto.

È un aspetto che vorreste semplificare? Possiamo sentirci 10 minuti per capire come lo gestite oggi.

Tia Designs
https://tiadesigns.it"
"info@empharma.it";"";"EM Pharma";"EM Pharma - Modulo richieste per servizi e componenti industriali";"Buongiorno,

sono il titolare di Tia Designs, a Mantova, e sviluppo siti e strumenti web su misura.

Ho visto che presentate prodotti o lavorazioni industriali e un canale per i preventivi.

Potrei sviluppare un modulo guidato per raccogliere specifiche, quantità, tempi e allegati tecnici per il preventivo. L'obiettivo sarebbe ricevere informazioni più complete già al primo contatto.

È un aspetto che vorreste semplificare? Possiamo sentirci 10 minuti per capire come lo gestite oggi.

Tia Designs
https://tiadesigns.it"
"torino@noleggiando.com";"";"aci – Noleggiando";"aci – Noleggiando - Modulo richieste per noleggio attrezzature";"Buongiorno,

sono il titolare di Tia Designs, a Mantova, e sviluppo siti e strumenti web su misura.

Ho visto che presentate attrezzature a noleggio e richieste per i clienti.

Potrei sviluppare un modulo guidato per raccogliere attrezzatura, periodo, luogo d’impiego e descrizione del lavoro. L'obiettivo sarebbe ricevere informazioni più complete già al primo contatto.

È un aspetto che vorreste semplificare? Possiamo sentirci 10 minuti per capire come lo gestite oggi.

Tia Designs
https://tiadesigns.it"
"info@alsoleresort.com";"";"Al Sole Resort";"Al Sole Resort - Modulo richieste per spazi per eventi";"Buongiorno,

sono il titolare di Tia Designs, a Mantova, e sviluppo siti e strumenti web su misura.

Ho visto che presentate spazi e servizi per eventi e richieste di disponibilità.

Potrei sviluppare un modulo guidato per raccogliere data, tipo di evento, partecipanti e servizi richiesti per la verifica. L'obiettivo sarebbe ricevere informazioni più complete già al primo contatto.

È un aspetto che vorreste semplificare? Possiamo sentirci 10 minuti per capire come lo gestite oggi.

Tia Designs
https://tiadesigns.it"
"events.verdura@roccofortehotels.com";"";"Location di Lusso per Matrimonio in Sicilia | Verdura Resort";"Location di Lusso per Matrimonio in Sicilia | Verdura Resort - Chatbot AI per struttura ricettiva";"Buongiorno,

sono il titolare di Tia Designs, a Mantova, e sviluppo siti e strumenti web su misura.

Ho visto che presentate la struttura e le modalità per chiedere disponibilità.

Potrei aggiungere al sito un chatbot AI in abbonamento mensile per rispondere alle FAQ e raccogliere date, numero di ospiti e preferenze prima del ricontatto. Partirei da risposte approvate da voi, con passaggio al personale per i casi specifici.

È un aspetto che vorreste semplificare? Possiamo sentirci 10 minuti per capire come lo gestite oggi.

Tia Designs
https://tiadesigns.it"
"baronejonnyricevimenti@email.it";"";"aci - Location Matrimoni a Palermo";"aci - Location Matrimoni a Palermo - Modulo richieste per spazi per eventi";"Buongiorno,

sono il titolare di Tia Designs, a Mantova, e sviluppo siti e strumenti web su misura.

Ho visto che presentate spazi e servizi per eventi e richieste di disponibilità.

Potrei sviluppare un modulo guidato per raccogliere data, tipo di evento, partecipanti e servizi richiesti per la verifica. L'obiettivo sarebbe ricevere informazioni più complete già al primo contatto.

È un aspetto che vorreste semplificare? Possiamo sentirci 10 minuti per capire come lo gestite oggi.

Tia Designs
https://tiadesigns.it"
"info@casalesanleonardo.com";"";"Casale San Leonardo | Location Matrimoni in Sicilia e Palermo";"Casale San Leonardo | Location Matrimoni in Sicilia e Palermo - Modulo richieste per spazi per eventi";"Buongiorno,

sono il titolare di Tia Designs, a Mantova, e sviluppo siti e strumenti web su misura.

Ho visto che presentate spazi e servizi per eventi e richieste di disponibilità.

Potrei sviluppare un modulo guidato per raccogliere data, tipo di evento, partecipanti e servizi richiesti per la verifica. L'obiettivo sarebbe ricevere informazioni più complete già al primo contatto.

È un aspetto che vorreste semplificare? Possiamo sentirci 10 minuti per capire come lo gestite oggi.

Tia Designs
https://tiadesigns.it"
"info@salaenotria.it";"";"Ricevimenti Enotria Turi l'emozione in un dettaglio - Sala Ricevimenti in provincia di Bari - Puglia";"Ricevimenti Enotria Turi l'emozione in un dettaglio - Sala Ricevimenti in provincia di Bari - Puglia - Modulo richieste per spazi per eventi";"Buongiorno,

sono il titolare di Tia Designs, a Mantova, e sviluppo siti e strumenti web su misura.

Ho visto che presentate spazi e servizi per eventi e richieste di disponibilità.

Potrei sviluppare un modulo guidato per raccogliere data, tipo di evento, partecipanti e servizi richiesti per la verifica. L'obiettivo sarebbe ricevere informazioni più complete già al primo contatto.

È un aspetto che vorreste semplificare? Possiamo sentirci 10 minuti per capire come lo gestite oggi.

Tia Designs
https://tiadesigns.it"
"villainfinito@libero.it";"";"VILLA INFINITO EVENTI";"VILLA INFINITO EVENTI - Modulo richieste per spazi per eventi";"Buongiorno,

sono il titolare di Tia Designs, a Mantova, e sviluppo siti e strumenti web su misura.

Ho visto che presentate spazi e servizi per eventi e richieste di disponibilità.

Potrei sviluppare un modulo guidato per raccogliere data, tipo di evento, partecipanti e servizi richiesti per la verifica. L'obiettivo sarebbe ricevere informazioni più complete già al primo contatto.

È un aspetto che vorreste semplificare? Possiamo sentirci 10 minuti per capire come lo gestite oggi.

Tia Designs
https://tiadesigns.it"
"info@villagarbo.it";"";"Location Eventi Taormina | Villa Garbo sul Mare";"Location Eventi Taormina | Villa Garbo sul Mare - Modulo richieste per spazi per eventi";"Buongiorno,

sono il titolare di Tia Designs, a Mantova, e sviluppo siti e strumenti web su misura.

Ho visto che presentate spazi e servizi per eventi e richieste di disponibilità.

Potrei sviluppare un modulo guidato per raccogliere data, tipo di evento, partecipanti e servizi richiesti per la verifica. L'obiettivo sarebbe ricevere informazioni più complete già al primo contatto.

È un aspetto che vorreste semplificare? Possiamo sentirci 10 minuti per capire come lo gestite oggi.

Tia Designs
https://tiadesigns.it"
"info@lacavallerizza.it";"";"Sala ricevimenti Bari | Resort La Cavallerizza";"Sala ricevimenti Bari | Resort La Cavallerizza - Modulo richieste per spazi per eventi";"Buongiorno,

sono il titolare di Tia Designs, a Mantova, e sviluppo siti e strumenti web su misura.

Ho visto che presentate spazi e servizi per eventi e richieste di disponibilità.

Potrei sviluppare un modulo guidato per raccogliere data, tipo di evento, partecipanti e servizi richiesti per la verifica. L'obiettivo sarebbe ricevere informazioni più complete già al primo contatto.

È un aspetto che vorreste semplificare? Possiamo sentirci 10 minuti per capire come lo gestite oggi.

Tia Designs
https://tiadesigns.it"
"info@tenutavoscenza.it";"";"Ricevimenti Catania Tenuta Voscenza - Luxury Events Sicilia";"Ricevimenti Catania Tenuta Voscenza - Luxury Events Sicilia - Chatbot AI per tour operator e viaggi";"Buongiorno,

sono il titolare di Tia Designs, a Mantova, e sviluppo siti e strumenti web su misura.

Ho visto che organizzate viaggi o esperienze e ricevete richieste di preventivo.

Potrei aggiungere al sito un chatbot AI in abbonamento mensile per raccogliere destinazione, periodo, partecipanti e tipo di esperienza per il primo preventivo. Partirei da risposte approvate da voi, con passaggio al personale per i casi specifici.

È un aspetto che vorreste semplificare? Possiamo sentirci 10 minuti per capire come lo gestite oggi.

Tia Designs
https://tiadesigns.it"
"viiitalento2018@libero.it";"";"VIII Talento – Sala ricevimenti";"VIII Talento – Sala ricevimenti - Modulo richieste per spazi per eventi";"Buongiorno,

sono il titolare di Tia Designs, a Mantova, e sviluppo siti e strumenti web su misura.

Ho visto che presentate spazi e servizi per eventi e richieste di disponibilità.

Potrei sviluppare un modulo guidato per raccogliere data, tipo di evento, partecipanti e servizi richiesti per la verifica. L'obiettivo sarebbe ricevere informazioni più complete già al primo contatto.

È un aspetto che vorreste semplificare? Possiamo sentirci 10 minuti per capire come lo gestite oggi.

Tia Designs
https://tiadesigns.it"
"eventi@torrediscopello.com";"";"Torre di Scopello";"Torre di Scopello - Modulo richieste per spazi per eventi";"Buongiorno,

sono il titolare di Tia Designs, a Mantova, e sviluppo siti e strumenti web su misura.

Ho visto che presentate spazi e servizi per eventi e richieste di disponibilità.

Potrei sviluppare un modulo guidato per raccogliere data, tipo di evento, partecipanti e servizi richiesti per la verifica. L'obiettivo sarebbe ricevere informazioni più complete già al primo contatto.

È un aspetto che vorreste semplificare? Possiamo sentirci 10 minuti per capire come lo gestite oggi.

Tia Designs
https://tiadesigns.it"
"info@evolution.fi.it";"";"dove siamo, orari, mezzi pubblici · Palestra Evolution";"dove siamo, orari, mezzi pubblici · Palestra Evolution - Chatbot AI per centro sportivo";"Buongiorno,

sono il titolare di Tia Designs, a Mantova, e sviluppo siti e strumenti web su misura.

Ho visto che presentate attività sportive e modalità per chiedere informazioni.

Potrei aggiungere al sito un chatbot AI in abbonamento mensile per presentare corsi e attività e raccogliere interesse, fascia oraria e recapito. Partirei da risposte approvate da voi, con passaggio al personale per i casi specifici.

È un aspetto che vorreste semplificare? Possiamo sentirci 10 minuti per capire come lo gestite oggi.

Tia Designs
https://tiadesigns.it"
"emilia@nixen.it";"";"Nixen - Fitness Club";"Nixen - Fitness Club - Chatbot AI per centro sportivo";"Buongiorno,

sono il titolare di Tia Designs, a Mantova, e sviluppo siti e strumenti web su misura.

Ho visto che presentate attività sportive e modalità per chiedere informazioni.

Potrei aggiungere al sito un chatbot AI in abbonamento mensile per presentare corsi e attività e raccogliere interesse, fascia oraria e recapito. Partirei da risposte approvate da voi, con passaggio al personale per i casi specifici.

È un aspetto che vorreste semplificare? Possiamo sentirci 10 minuti per capire come lo gestite oggi.

Tia Designs
https://tiadesigns.it"
"todafitnessclub@libero.it";"";"TODA Fitness Club";"TODA Fitness Club - Chatbot AI per centro sportivo";"Buongiorno,

sono il titolare di Tia Designs, a Mantova, e sviluppo siti e strumenti web su misura.

Ho visto che presentate attività sportive e modalità per chiedere informazioni.

Potrei aggiungere al sito un chatbot AI in abbonamento mensile per presentare corsi e attività e raccogliere interesse, fascia oraria e recapito. Partirei da risposte approvate da voi, con passaggio al personale per i casi specifici.

È un aspetto che vorreste semplificare? Possiamo sentirci 10 minuti per capire come lo gestite oggi.

Tia Designs
https://tiadesigns.it"
"athleticenterfitness@libero.it";"";"Palermo | ATHLETIC CENTER FITNESS CLUB";"Palermo | ATHLETIC CENTER FITNESS CLUB - Chatbot AI per centro sportivo";"Buongiorno,

sono il titolare di Tia Designs, a Mantova, e sviluppo siti e strumenti web su misura.

Ho visto che presentate attività sportive e modalità per chiedere informazioni.

Potrei aggiungere al sito un chatbot AI in abbonamento mensile per presentare corsi e attività e raccogliere interesse, fascia oraria e recapito. Partirei da risposte approvate da voi, con passaggio al personale per i casi specifici.

È un aspetto che vorreste semplificare? Possiamo sentirci 10 minuti per capire come lo gestite oggi.

Tia Designs
https://tiadesigns.it"
"info.cultureclubfirenze@gmail.com";"";"Culture Club Palestre Firenze | Home";"Culture Club Palestre Firenze | Home - Chatbot AI per centro sportivo";"Buongiorno,

sono il titolare di Tia Designs, a Mantova, e sviluppo siti e strumenti web su misura.

Ho visto che presentate attività sportive e modalità per chiedere informazioni.

Potrei aggiungere al sito un chatbot AI in abbonamento mensile per presentare corsi e attività e raccogliere interesse, fascia oraria e recapito. Partirei da risposte approvate da voi, con passaggio al personale per i casi specifici.

È un aspetto che vorreste semplificare? Possiamo sentirci 10 minuti per capire come lo gestite oggi.

Tia Designs
https://tiadesigns.it"
"firenze@fitexpress.it";"";"Firenze - FitExpress";"Firenze - FitExpress - Chatbot AI per centro sportivo";"Buongiorno,

sono il titolare di Tia Designs, a Mantova, e sviluppo siti e strumenti web su misura.

Ho visto che presentate attività sportive e modalità per chiedere informazioni.

Potrei aggiungere al sito un chatbot AI in abbonamento mensile per presentare corsi e attività e raccogliere interesse, fascia oraria e recapito. Partirei da risposte approvate da voi, con passaggio al personale per i casi specifici.

È un aspetto che vorreste semplificare? Possiamo sentirci 10 minuti per capire come lo gestite oggi.

Tia Designs
https://tiadesigns.it"
"fitness@edilab.it";"";"Edilab scarl";"Edilab scarl - Chatbot AI per centro sportivo";"Buongiorno,

sono il titolare di Tia Designs, a Mantova, e sviluppo siti e strumenti web su misura.

Ho visto che presentate attività sportive e modalità per chiedere informazioni.

Potrei aggiungere al sito un chatbot AI in abbonamento mensile per presentare corsi e attività e raccogliere interesse, fascia oraria e recapito. Partirei da risposte approvate da voi, con passaggio al personale per i casi specifici.

È un aspetto che vorreste semplificare? Possiamo sentirci 10 minuti per capire come lo gestite oggi.

Tia Designs
https://tiadesigns.it"
"info@sardiniapadel.com";"";"Sardinia Padel | Sardegna";"Sardinia Padel | Sardegna - Chatbot AI per centro sportivo";"Buongiorno,

sono il titolare di Tia Designs, a Mantova, e sviluppo siti e strumenti web su misura.

Ho visto che presentate attività sportive e modalità per chiedere informazioni.

Potrei aggiungere al sito un chatbot AI in abbonamento mensile per presentare corsi e attività e raccogliere interesse, fascia oraria e recapito. Partirei da risposte approvate da voi, con passaggio al personale per i casi specifici.

È un aspetto che vorreste semplificare? Possiamo sentirci 10 minuti per capire come lo gestite oggi.

Tia Designs
https://tiadesigns.it"
"info@kodokan01.it";"";"PALESTRA KODOKAN01";"PALESTRA KODOKAN01 - Chatbot AI per centro sportivo";"Buongiorno,

sono il titolare di Tia Designs, a Mantova, e sviluppo siti e strumenti web su misura.

Ho visto che presentate attività sportive e modalità per chiedere informazioni.

Potrei aggiungere al sito un chatbot AI in abbonamento mensile per presentare corsi e attività e raccogliere interesse, fascia oraria e recapito. Partirei da risposte approvate da voi, con passaggio al personale per i casi specifici.

È un aspetto che vorreste semplificare? Possiamo sentirci 10 minuti per capire come lo gestite oggi.

Tia Designs
https://tiadesigns.it"
"mailostudio@libero.it";"";"Palestra Mailo Studio, Firenze | Palestra MAILO Studio";"Palestra Mailo Studio, Firenze | Palestra MAILO Studio - Chatbot AI per centro sportivo";"Buongiorno,

sono il titolare di Tia Designs, a Mantova, e sviluppo siti e strumenti web su misura.

Ho visto che presentate attività sportive e modalità per chiedere informazioni.

Potrei aggiungere al sito un chatbot AI in abbonamento mensile per presentare corsi e attività e raccogliere interesse, fascia oraria e recapito. Partirei da risposte approvate da voi, con passaggio al personale per i casi specifici.

È un aspetto che vorreste semplificare? Possiamo sentirci 10 minuti per capire come lo gestite oggi.

Tia Designs
https://tiadesigns.it"
"coworking@welfareland.eu";"";"Coworking - Welfareland";"Coworking - Welfareland - Chatbot AI per coworking";"Buongiorno,

sono il titolare di Tia Designs, a Mantova, e sviluppo siti e strumenti web su misura.

Ho visto che presentate postazioni e spazi di lavoro prenotabili.

Potrei aggiungere al sito un chatbot AI in abbonamento mensile per presentare postazioni e sale e raccogliere una richiesta di visita o prenotazione. Partirei da risposte approvate da voi, con passaggio al personale per i casi specifici.

È un aspetto che vorreste semplificare? Possiamo sentirci 10 minuti per capire come lo gestite oggi.

Tia Designs
https://tiadesigns.it"
"autoscuolamodernaba@libero.it";"";"Scuola guida e rinnovo patente cqc a Bari | Autoscuola Moderna";"Scuola guida e rinnovo patente cqc a Bari | Autoscuola Moderna - Chatbot AI per autoscuola";"Buongiorno,

sono il titolare di Tia Designs, a Mantova, e sviluppo siti e strumenti web su misura.

Ho visto che presentate servizi di autoscuola e richieste legate a patenti o pratiche.

Potrei aggiungere al sito un chatbot AI in abbonamento mensile per rispondere alle domande su sedi, servizi e orari e raccogliere una richiesta di ricontatto per la segreteria. Partirei da risposte approvate da voi, con passaggio al personale per i casi specifici.

È un aspetto che vorreste semplificare? Possiamo sentirci 10 minuti per capire come lo gestite oggi.

Tia Designs
https://tiadesigns.it"
"info@leroicamper.net";"";"Dove Siamo / Contatti - Le Roi Camper";"Dove Siamo / Contatti - Le Roi Camper - Chatbot AI per noleggio camper";"Buongiorno,

sono il titolare di Tia Designs, a Mantova, e sviluppo siti e strumenti web su misura.

Ho visto che presentate il noleggio camper e un canale per le richieste.

Potrei aggiungere al sito un chatbot AI in abbonamento mensile per raccogliere periodo, equipaggio e preferenze sul mezzo per una prima richiesta ordinata. Partirei da risposte approvate da voi, con passaggio al personale per i casi specifici.

È un aspetto che vorreste semplificare? Possiamo sentirci 10 minuti per capire come lo gestite oggi.

Tia Designs
https://tiadesigns.it"
"milano@nologru.net";"";"Noleggio Gru Piattaforme Aeree";"Noleggio Gru Piattaforme Aeree - Modulo richieste per servizi e componenti industriali";"Buongiorno,

sono il titolare di Tia Designs, a Mantova, e sviluppo siti e strumenti web su misura.

Ho visto che presentate prodotti o lavorazioni industriali e un canale per i preventivi.

Potrei sviluppare un modulo guidato per raccogliere specifiche, quantità, tempi e allegati tecnici per il preventivo. L'obiettivo sarebbe ricevere informazioni più complete già al primo contatto.

È un aspetto che vorreste semplificare? Possiamo sentirci 10 minuti per capire come lo gestite oggi.

Tia Designs
https://tiadesigns.it"
"info@impresadipulizieroma.org";"";"Impresa Pulizie Roma";"Impresa Pulizie Roma - Modulo richieste per pulizie e facility";"Buongiorno,

sono il titolare di Tia Designs, a Mantova, e sviluppo siti e strumenti web su misura.

Ho visto che offrite servizi di pulizia o facility per attività e strutture.

Potrei sviluppare un modulo guidato per raccogliere tipologia di struttura, frequenza e volumi indicativi per la proposta. L'obiettivo sarebbe ricevere informazioni più complete già al primo contatto.

È un aspetto che vorreste semplificare? Possiamo sentirci 10 minuti per capire come lo gestite oggi.

Tia Designs
https://tiadesigns.it"
"info@glampingtuscany.eu";"";"Glamping Tuscany";"Glamping Tuscany - Chatbot AI per struttura ricettiva";"Buongiorno,

sono il titolare di Tia Designs, a Mantova, e sviluppo siti e strumenti web su misura.

Ho visto che presentate la struttura e le modalità per chiedere disponibilità.

Potrei aggiungere al sito un chatbot AI in abbonamento mensile per rispondere alle FAQ e raccogliere date, numero di ospiti e preferenze prima del ricontatto. Partirei da risposte approvate da voi, con passaggio al personale per i casi specifici.

È un aspetto che vorreste semplificare? Possiamo sentirci 10 minuti per capire come lo gestite oggi.

Tia Designs
https://tiadesigns.it"
"revisioni@gonella.biz";"";"Revisioni - Gonella - Vendita e Assistenza Citroen Peugeot Opel Torino";"Revisioni - Gonella - Vendita e Assistenza Citroen Peugeot Opel Torino - Modulo richieste per servizi e componenti industriali";"Buongiorno,

sono il titolare di Tia Designs, a Mantova, e sviluppo siti e strumenti web su misura.

Ho visto che presentate prodotti o lavorazioni industriali e un canale per i preventivi.

Potrei sviluppare un modulo guidato per raccogliere specifiche, quantità, tempi e allegati tecnici per il preventivo. L'obiettivo sarebbe ricevere informazioni più complete già al primo contatto.

È un aspetto che vorreste semplificare? Possiamo sentirci 10 minuti per capire come lo gestite oggi.

Tia Designs
https://tiadesigns.it"
"advertising@spazioeventi.org";"";"Spazio Eventi srl";"Spazio Eventi srl - Modulo richieste per spazi per eventi";"Buongiorno,

sono il titolare di Tia Designs, a Mantova, e sviluppo siti e strumenti web su misura.

Ho visto che presentate spazi e servizi per eventi e richieste di disponibilità.

Potrei sviluppare un modulo guidato per raccogliere data, tipo di evento, partecipanti e servizi richiesti per la verifica. L'obiettivo sarebbe ricevere informazioni più complete già al primo contatto.

È un aspetto che vorreste semplificare? Possiamo sentirci 10 minuti per capire come lo gestite oggi.

Tia Designs
https://tiadesigns.it"
"villateresaagriturismo@gmail.com";"";"MATRIMONI | Villa Teresa";"MATRIMONI | Villa Teresa - Chatbot AI per scuola di lingue";"Buongiorno,

sono il titolare di Tia Designs, a Mantova, e sviluppo siti e strumenti web su misura.

Ho visto che presentate percorsi linguistici e un canale per chiedere informazioni.

Potrei aggiungere al sito un chatbot AI in abbonamento mensile per orientare tra corsi e livelli e raccogliere lingua, obiettivo e disponibilità per la segreteria. Partirei da risposte approvate da voi, con passaggio al personale per i casi specifici.

È un aspetto che vorreste semplificare? Possiamo sentirci 10 minuti per capire come lo gestite oggi.

Tia Designs
https://tiadesigns.it"
"spazio3milano@gmail.com";"";"Spazio3 | Scrivici per informazioni o per prenotare il tuo ufficio";"Spazio3 | Scrivici per informazioni o per prenotare il tuo ufficio - Chatbot AI per coworking";"Buongiorno,

sono il titolare di Tia Designs, a Mantova, e sviluppo siti e strumenti web su misura.

Ho visto che presentate postazioni e spazi di lavoro prenotabili.

Potrei aggiungere al sito un chatbot AI in abbonamento mensile per presentare postazioni e sale e raccogliere una richiesta di visita o prenotazione. Partirei da risposte approvate da voi, con passaggio al personale per i casi specifici.

È un aspetto che vorreste semplificare? Possiamo sentirci 10 minuti per capire come lo gestite oggi.

Tia Designs
https://tiadesigns.it"
"info@sileastoragefirenze.com";"";"Depositi per privati ed Aziende";"Depositi per privati ed Aziende - Chatbot AI per self storage e deposito";"Buongiorno,

sono il titolare di Tia Designs, a Mantova, e sviluppo siti e strumenti web su misura.

Ho visto che presentate soluzioni di deposito e invitano a chiedere informazioni.

Potrei aggiungere al sito un chatbot AI in abbonamento mensile per spiegare le formule disponibili e raccogliere spazio, durata e data desiderata. Partirei da risposte approvate da voi, con passaggio al personale per i casi specifici.

È un aspetto che vorreste semplificare? Possiamo sentirci 10 minuti per capire come lo gestite oggi.

Tia Designs
https://tiadesigns.it"
"amministrazione@cpsgroup.it";"";"CPS srl";"CPS srl - Modulo richieste per servizi e componenti industriali";"Buongiorno,

sono il titolare di Tia Designs, a Mantova, e sviluppo siti e strumenti web su misura.

Ho visto che presentate prodotti o lavorazioni industriali e un canale per i preventivi.

Potrei sviluppare un modulo guidato per raccogliere specifiche, quantità, tempi e allegati tecnici per il preventivo. L'obiettivo sarebbe ricevere informazioni più complete già al primo contatto.

È un aspetto che vorreste semplificare? Possiamo sentirci 10 minuti per capire come lo gestite oggi.

Tia Designs
https://tiadesigns.it"
"kingservice.social@gmail.com";"";"Impresa di pulizie professionali a Bologna | King Service Srl";"Impresa di pulizie professionali a Bologna | King Service Srl - Modulo richieste per pulizie e facility";"Buongiorno,

sono il titolare di Tia Designs, a Mantova, e sviluppo siti e strumenti web su misura.

Ho visto che offrite servizi di pulizia o facility per attività e strutture.

Potrei sviluppare un modulo guidato per raccogliere tipologia di struttura, frequenza e volumi indicativi per la proposta. L'obiettivo sarebbe ricevere informazioni più complete già al primo contatto.

È un aspetto che vorreste semplificare? Possiamo sentirci 10 minuti per capire come lo gestite oggi.

Tia Designs
https://tiadesigns.it"
"padel@ferrinicagliari.org";"";"Padel - Polisportiva Ferrini Cagliari";"Padel - Polisportiva Ferrini Cagliari - Chatbot AI per centro sportivo";"Buongiorno,

sono il titolare di Tia Designs, a Mantova, e sviluppo siti e strumenti web su misura.

Ho visto che presentate attività sportive e modalità per chiedere informazioni.

Potrei aggiungere al sito un chatbot AI in abbonamento mensile per presentare corsi e attività e raccogliere interesse, fascia oraria e recapito. Partirei da risposte approvate da voi, con passaggio al personale per i casi specifici.

È un aspetto che vorreste semplificare? Possiamo sentirci 10 minuti per capire come lo gestite oggi.

Tia Designs
https://tiadesigns.it"
"info@autoscuolailvolante.it";"";"SEDE di FIRENZE (zona BROZZI / PERETOLA) – Autoscuole Firenze";"SEDE di FIRENZE (zona BROZZI / PERETOLA) – Autoscuole Firenze - Chatbot AI per autoscuola";"Buongiorno,

sono il titolare di Tia Designs, a Mantova, e sviluppo siti e strumenti web su misura.

Ho visto che presentate servizi di autoscuola e richieste legate a patenti o pratiche.

Potrei aggiungere al sito un chatbot AI in abbonamento mensile per rispondere alle domande su sedi, servizi e orari e raccogliere una richiesta di ricontatto per la segreteria. Partirei da risposte approvate da voi, con passaggio al personale per i casi specifici.

È un aspetto che vorreste semplificare? Possiamo sentirci 10 minuti per capire come lo gestite oggi.

Tia Designs
https://tiadesigns.it"
"clienti@railacademy.it";"";"Rail Academy";"Rail Academy - Automazione richieste per formazione professionale";"Buongiorno,

sono il titolare di Tia Designs, a Mantova, e sviluppo siti e strumenti web su misura.

Ho visto che presentate corsi e percorsi di formazione con richieste di informazioni.

Potrei sviluppare una piccola automazione per organizzare le richieste per corso, sede, obiettivo e prossimo ricontatto. Prima verificherei gli strumenti che usate già, per definire un intervento circoscritto.

È un aspetto che vorreste semplificare? Possiamo sentirci 10 minuti per capire come lo gestite oggi.

Tia Designs
https://tiadesigns.it"
"info@storagemilano.com";"";"s | Storage Milano";"s | Storage Milano - Chatbot AI per self storage e deposito";"Buongiorno,

sono il titolare di Tia Designs, a Mantova, e sviluppo siti e strumenti web su misura.

Ho visto che presentate soluzioni di deposito e invitano a chiedere informazioni.

Potrei aggiungere al sito un chatbot AI in abbonamento mensile per spiegare le formule disponibili e raccogliere spazio, durata e data desiderata. Partirei da risposte approvate da voi, con passaggio al personale per i casi specifici.

È un aspetto che vorreste semplificare? Possiamo sentirci 10 minuti per capire come lo gestite oggi.

Tia Designs
https://tiadesigns.it"
"info@hubflorence.it";"";"Hub Florence | The coworking in the historic center of Florence";"Hub Florence | The coworking in the historic center of Florence - Chatbot AI per coworking";"Buongiorno,

sono il titolare di Tia Designs, a Mantova, e sviluppo siti e strumenti web su misura.

Ho visto che presentate postazioni e spazi di lavoro prenotabili.

Potrei aggiungere al sito un chatbot AI in abbonamento mensile per presentare postazioni e sale e raccogliere una richiesta di visita o prenotazione. Partirei da risposte approvate da voi, con passaggio al personale per i casi specifici.

È un aspetto che vorreste semplificare? Possiamo sentirci 10 minuti per capire come lo gestite oggi.

Tia Designs
https://tiadesigns.it"
"info@coworkingbari.com";"";"Coworking Spazio14";"Coworking Spazio14 - Chatbot AI per coworking";"Buongiorno,

sono il titolare di Tia Designs, a Mantova, e sviluppo siti e strumenti web su misura.

Ho visto che presentate postazioni e spazi di lavoro prenotabili.

Potrei aggiungere al sito un chatbot AI in abbonamento mensile per presentare postazioni e sale e raccogliere una richiesta di visita o prenotazione. Partirei da risposte approvate da voi, con passaggio al personale per i casi specifici.

È un aspetto che vorreste semplificare? Possiamo sentirci 10 minuti per capire come lo gestite oggi.

Tia Designs
https://tiadesigns.it"
"info@caravanclubtour.it";"";"Caravan Club Tour - Noleggio Camper Torino e Noleggio Furgoni Torino";"Caravan Club Tour - Noleggio Camper Torino e Noleggio Furgoni Torino - Chatbot AI per servizi per animali";"Buongiorno,

sono il titolare di Tia Designs, a Mantova, e sviluppo siti e strumenti web su misura.

Ho visto che offrite servizi per animali e ricevete richieste di contatto.

Potrei aggiungere al sito un chatbot AI in abbonamento mensile per rispondere alle domande organizzative e raccogliere servizio, periodo e recapito. Partirei da risposte approvate da voi, con passaggio al personale per i casi specifici.

È un aspetto che vorreste semplificare? Possiamo sentirci 10 minuti per capire come lo gestite oggi.

Tia Designs
https://tiadesigns.it"
"info@citypadelmilano.it";"";"City Padel Milano - Gioca a Padel a Milano City Life";"City Padel Milano - Gioca a Padel a Milano City Life - Chatbot AI per centro sportivo";"Buongiorno,

sono il titolare di Tia Designs, a Mantova, e sviluppo siti e strumenti web su misura.

Ho visto che presentate attività sportive e modalità per chiedere informazioni.

Potrei aggiungere al sito un chatbot AI in abbonamento mensile per presentare corsi e attività e raccogliere interesse, fascia oraria e recapito. Partirei da risposte approvate da voi, con passaggio al personale per i casi specifici.

È un aspetto che vorreste semplificare? Possiamo sentirci 10 minuti per capire come lo gestite oggi.

Tia Designs
https://tiadesigns.it"
"palestre.picasso@tiscali.it";"";"palestrepicasso.com";"palestrepicasso.com - Automazione richieste per servizi locali";"Buongiorno,

sono il titolare di Tia Designs, a Mantova, e sviluppo siti e strumenti web su misura.

Ho visto che presentate i vostri servizi e raccogliete richieste di contatto.

Potrei sviluppare una piccola automazione per raccogliere il motivo del contatto e i dati essenziali prima della risposta. Prima verificherei gli strumenti che usate già, per definire un intervento circoscritto.

È un aspetto che vorreste semplificare? Possiamo sentirci 10 minuti per capire come lo gestite oggi.

Tia Designs
https://tiadesigns.it"
"ebragotti@ascomtorino.it";"";"ALD Automotive";"ALD Automotive - Modulo richieste per noleggio attrezzature";"Buongiorno,

sono il titolare di Tia Designs, a Mantova, e sviluppo siti e strumenti web su misura.

Ho visto che presentate attrezzature a noleggio e richieste per i clienti.

Potrei sviluppare un modulo guidato per raccogliere attrezzatura, periodo, luogo d’impiego e descrizione del lavoro. L'obiettivo sarebbe ricevere informazioni più complete già al primo contatto.

È un aspetto che vorreste semplificare? Possiamo sentirci 10 minuti per capire come lo gestite oggi.

Tia Designs
https://tiadesigns.it"
"o.dondona@ui.torino.it";"";"Unione Industriali Torino";"Unione Industriali Torino - Modulo richieste per servizi e componenti industriali";"Buongiorno,

sono il titolare di Tia Designs, a Mantova, e sviluppo siti e strumenti web su misura.

Ho visto che presentate prodotti o lavorazioni industriali e un canale per i preventivi.

Potrei sviluppare un modulo guidato per raccogliere specifiche, quantità, tempi e allegati tecnici per il preventivo. L'obiettivo sarebbe ricevere informazioni più complete già al primo contatto.

È un aspetto che vorreste semplificare? Possiamo sentirci 10 minuti per capire come lo gestite oggi.

Tia Designs
https://tiadesigns.it"
"info@rcestaro-srl.it";"";"RCESTARO | Dosing & Spray equipment Robotic engineering Testing automation";"RCESTARO | Dosing & Spray equipment Robotic engineering Testing automation - Modulo richieste per servizi e componenti industriali";"Buongiorno,

sono il titolare di Tia Designs, a Mantova, e sviluppo siti e strumenti web su misura.

Ho visto che presentate prodotti o lavorazioni industriali e un canale per i preventivi.

Potrei sviluppare un modulo guidato per raccogliere specifiche, quantità, tempi e allegati tecnici per il preventivo. L'obiettivo sarebbe ricevere informazioni più complete già al primo contatto.

È un aspetto che vorreste semplificare? Possiamo sentirci 10 minuti per capire come lo gestite oggi.

Tia Designs
https://tiadesigns.it"
"gmii@aslnapoli1centro.it";"";"O SANITARIO NAZIONALE";"O SANITARIO NAZIONALE - Automazione richieste per servizi locali";"Buongiorno,

sono il titolare di Tia Designs, a Mantova, e sviluppo siti e strumenti web su misura.

Ho visto che presentate i vostri servizi e raccogliete richieste di contatto.

Potrei sviluppare una piccola automazione per raccogliere il motivo del contatto e i dati essenziali prima della risposta. Prima verificherei gli strumenti che usate già, per definire un intervento circoscritto.

È un aspetto che vorreste semplificare? Possiamo sentirci 10 minuti per capire come lo gestite oggi.

Tia Designs
https://tiadesigns.it"
"info@romapropertymanager.it";"";"Roma Property Manager - Roma Property Manager";"Roma Property Manager - Roma Property Manager - Automazione richieste per immobiliare";"Buongiorno,

sono il titolare di Tia Designs, a Mantova, e sviluppo siti e strumenti web su misura.

Ho visto che gestite immobili o locazioni e ricevete richieste dai clienti.

Potrei sviluppare una piccola automazione per organizzare le richieste per immobile, zona, esigenza e prossimo ricontatto. Prima verificherei gli strumenti che usate già, per definire un intervento circoscritto.

È un aspetto che vorreste semplificare? Possiamo sentirci 10 minuti per capire come lo gestite oggi.

Tia Designs
https://tiadesigns.it"
"info@butterflyverona.it";"";"Butterfly Verona | Luxury Accommodation in Verona Historic Centre — 7 Design Suites";"Butterfly Verona | Luxury Accommodation in Verona Historic Centre — 7 Design Suites - Chatbot AI per struttura ricettiva";"Buongiorno,

sono il titolare di Tia Designs, a Mantova, e sviluppo siti e strumenti web su misura.

Ho visto che presentate la struttura e le modalità per chiedere disponibilità.

Potrei aggiungere al sito un chatbot AI in abbonamento mensile per rispondere alle FAQ e raccogliere date, numero di ospiti e preferenze prima del ricontatto. Partirei da risposte approvate da voi, con passaggio al personale per i casi specifici.

È un aspetto che vorreste semplificare? Possiamo sentirci 10 minuti per capire come lo gestite oggi.

Tia Designs
https://tiadesigns.it"
"info@hotelfirenzeveronacentro.com";"";"Boutique Hotel 4 stelle a Verona | Hotel Firenze";"Boutique Hotel 4 stelle a Verona | Hotel Firenze - Chatbot AI per struttura ricettiva";"Buongiorno,

sono il titolare di Tia Designs, a Mantova, e sviluppo siti e strumenti web su misura.

Ho visto che presentate la struttura e le modalità per chiedere disponibilità.

Potrei aggiungere al sito un chatbot AI in abbonamento mensile per rispondere alle FAQ e raccogliere date, numero di ospiti e preferenze prima del ricontatto. Partirei da risposte approvate da voi, con passaggio al personale per i casi specifici.

È un aspetto che vorreste semplificare? Possiamo sentirci 10 minuti per capire come lo gestite oggi.

Tia Designs
https://tiadesigns.it"
"bbamati@hotmail.it";"";"bbamati";"bbamati - Automazione richieste per servizi locali";"Buongiorno,

sono il titolare di Tia Designs, a Mantova, e sviluppo siti e strumenti web su misura.

Ho visto che presentate i vostri servizi e raccogliete richieste di contatto.

Potrei sviluppare una piccola automazione per raccogliere il motivo del contatto e i dati essenziali prima della risposta. Prima verificherei gli strumenti che usate già, per definire un intervento circoscritto.

È un aspetto che vorreste semplificare? Possiamo sentirci 10 minuti per capire come lo gestite oggi.

Tia Designs
https://tiadesigns.it"
"info@boatsharingpuglia.com";"";"Noleggi – Boat Sharing Puglia";"Noleggi – Boat Sharing Puglia - Chatbot AI per noleggio barche";"Buongiorno,

sono il titolare di Tia Designs, a Mantova, e sviluppo siti e strumenti web su misura.

Ho visto che presentate il noleggio e raccogliete richieste per le uscite.

Potrei aggiungere al sito un chatbot AI in abbonamento mensile per rispondere alle domande organizzative e raccogliere data, durata e numero di partecipanti. Partirei da risposte approvate da voi, con passaggio al personale per i casi specifici.

È un aspetto che vorreste semplificare? Possiamo sentirci 10 minuti per capire come lo gestite oggi.

Tia Designs
https://tiadesigns.it"
"info@paradiseresortsardegna.com";"";"PARADISE RESORT SARDEGNA | SardegnaTurismo - Sito ufficiale del turismo della Regione Sardegna";"PARADISE RESORT SARDEGNA | SardegnaTurismo - Sito ufficiale del turismo della Regione Sardegna - Automazione richieste per servizi locali";"Buongiorno,

sono il titolare di Tia Designs, a Mantova, e sviluppo siti e strumenti web su misura.

Ho visto che presentate i vostri servizi e raccogliete richieste di contatto.

Potrei sviluppare una piccola automazione per raccogliere il motivo del contatto e i dati essenziali prima della risposta. Prima verificherei gli strumenti che usate già, per definire un intervento circoscritto.

È un aspetto che vorreste semplificare? Possiamo sentirci 10 minuti per capire come lo gestite oggi.

Tia Designs
https://tiadesigns.it"
"info@glampingledune.it";"";"us - Glamping Le Dune";"us - Glamping Le Dune - Automazione richieste per servizi locali";"Buongiorno,

sono il titolare di Tia Designs, a Mantova, e sviluppo siti e strumenti web su misura.

Ho visto che presentate i vostri servizi e raccogliete richieste di contatto.

Potrei sviluppare una piccola automazione per raccogliere il motivo del contatto e i dati essenziali prima della risposta. Prima verificherei gli strumenti che usate già, per definire un intervento circoscritto.

È un aspetto che vorreste semplificare? Possiamo sentirci 10 minuti per capire come lo gestite oggi.

Tia Designs
https://tiadesigns.it"
"buttigliera@tachisrevisioni.it";"";"Revisioni Auto e Moto a Torino | Tachis";"Revisioni Auto e Moto a Torino | Tachis - Modulo richieste per servizi auto";"Buongiorno,

sono il titolare di Tia Designs, a Mantova, e sviluppo siti e strumenti web su misura.

Ho visto che ricevete richieste per assistenza, revisioni o interventi sui veicoli.

Potrei sviluppare un modulo guidato per raccogliere tipo di intervento, veicolo, disponibilità e allegati prima del ricontatto. L'obiettivo sarebbe ricevere informazioni più complete già al primo contatto.

È un aspetto che vorreste semplificare? Possiamo sentirci 10 minuti per capire come lo gestite oggi.

Tia Designs
https://tiadesigns.it"
"accettazione@autocarrozzeriasergio.com";"";"Carrozzeria a Firenze – un servizio di eccellenza dal 1955";"Carrozzeria a Firenze – un servizio di eccellenza dal 1955 - Modulo richieste per servizi auto";"Buongiorno,

sono il titolare di Tia Designs, a Mantova, e sviluppo siti e strumenti web su misura.

Ho visto che ricevete richieste per assistenza, revisioni o interventi sui veicoli.

Potrei sviluppare un modulo guidato per raccogliere tipo di intervento, veicolo, disponibilità e allegati prima del ricontatto. L'obiettivo sarebbe ricevere informazioni più complete già al primo contatto.

È un aspetto che vorreste semplificare? Possiamo sentirci 10 minuti per capire come lo gestite oggi.

Tia Designs
https://tiadesigns.it"
"info@entemaxwell.it";"";"Formazione Professionale Napoli | Ente Maxwell";"Formazione Professionale Napoli | Ente Maxwell - Automazione richieste per formazione professionale";"Buongiorno,

sono il titolare di Tia Designs, a Mantova, e sviluppo siti e strumenti web su misura.

Ho visto che presentate corsi e percorsi di formazione con richieste di informazioni.

Potrei sviluppare una piccola automazione per organizzare le richieste per corso, sede, obiettivo e prossimo ricontatto. Prima verificherei gli strumenti che usate già, per definire un intervento circoscritto.

È un aspetto che vorreste semplificare? Possiamo sentirci 10 minuti per capire come lo gestite oggi.

Tia Designs
https://tiadesigns.it"
"ufficiotecnico@adelfoi.it";"";"aci - Adelfoi S.r.l. Sicurezza sul Lavoro";"aci - Adelfoi S.r.l. Sicurezza sul Lavoro - Automazione richieste per formazione professionale";"Buongiorno,

sono il titolare di Tia Designs, a Mantova, e sviluppo siti e strumenti web su misura.

Ho visto che presentate corsi e percorsi di formazione con richieste di informazioni.

Potrei sviluppare una piccola automazione per organizzare le richieste per corso, sede, obiettivo e prossimo ricontatto. Prima verificherei gli strumenti che usate già, per definire un intervento circoscritto.

È un aspetto che vorreste semplificare? Possiamo sentirci 10 minuti per capire come lo gestite oggi.

Tia Designs
https://tiadesigns.it"
"segreteriacorsi@protom.com";"";"Espero, formazione professionale certificata, i nostri contatti";"Espero, formazione professionale certificata, i nostri contatti - Automazione richieste per formazione professionale";"Buongiorno,

sono il titolare di Tia Designs, a Mantova, e sviluppo siti e strumenti web su misura.

Ho visto che presentate corsi e percorsi di formazione con richieste di informazioni.

Potrei sviluppare una piccola automazione per organizzare le richieste per corso, sede, obiettivo e prossimo ricontatto. Prima verificherei gli strumenti che usate già, per definire un intervento circoscritto.

È un aspetto che vorreste semplificare? Possiamo sentirci 10 minuti per capire come lo gestite oggi.

Tia Designs
https://tiadesigns.it"
"info@formedilnapoli.it";"";"Formazione professionale – FORMEDIL Napoli";"Formazione professionale – FORMEDIL Napoli - Automazione richieste per formazione professionale";"Buongiorno,

sono il titolare di Tia Designs, a Mantova, e sviluppo siti e strumenti web su misura.

Ho visto che presentate corsi e percorsi di formazione con richieste di informazioni.

Potrei sviluppare una piccola automazione per organizzare le richieste per corso, sede, obiettivo e prossimo ricontatto. Prima verificherei gli strumenti che usate già, per definire un intervento circoscritto.

È un aspetto che vorreste semplificare? Possiamo sentirci 10 minuti per capire come lo gestite oggi.

Tia Designs
https://tiadesigns.it"
"info@laborsecurity.it";"";"Labor security: Leader della sicurezza sul Lavoro da 15 anni";"Labor security: Leader della sicurezza sul Lavoro da 15 anni - Automazione richieste per formazione professionale";"Buongiorno,

sono il titolare di Tia Designs, a Mantova, e sviluppo siti e strumenti web su misura.

Ho visto che presentate corsi e percorsi di formazione con richieste di informazioni.

Potrei sviluppare una piccola automazione per organizzare le richieste per corso, sede, obiettivo e prossimo ricontatto. Prima verificherei gli strumenti che usate già, per definire un intervento circoscritto.

È un aspetto che vorreste semplificare? Possiamo sentirci 10 minuti per capire come lo gestite oggi.

Tia Designs
https://tiadesigns.it"
"delegato.campania@cnos-fap.it";"";"Campania | CNOS-FAP";"Campania | CNOS-FAP - Automazione richieste per formazione professionale";"Buongiorno,

sono il titolare di Tia Designs, a Mantova, e sviluppo siti e strumenti web su misura.

Ho visto che presentate corsi e percorsi di formazione con richieste di informazioni.

Potrei sviluppare una piccola automazione per organizzare le richieste per corso, sede, obiettivo e prossimo ricontatto. Prima verificherei gli strumenti che usate già, per definire un intervento circoscritto.

È un aspetto che vorreste semplificare? Possiamo sentirci 10 minuti per capire come lo gestite oggi.

Tia Designs
https://tiadesigns.it"
"info@arcoiris81.it";"";"Arcoiris srl | Servizi integrati di Ingegneria e Sicurezza";"Arcoiris srl | Servizi integrati di Ingegneria e Sicurezza - Modulo richieste per servizi e componenti industriali";"Buongiorno,

sono il titolare di Tia Designs, a Mantova, e sviluppo siti e strumenti web su misura.

Ho visto che presentate prodotti o lavorazioni industriali e un canale per i preventivi.

Potrei sviluppare un modulo guidato per raccogliere specifiche, quantità, tempi e allegati tecnici per il preventivo. L'obiettivo sarebbe ricevere informazioni più complete già al primo contatto.

È un aspetto che vorreste semplificare? Possiamo sentirci 10 minuti per capire come lo gestite oggi.

Tia Designs
https://tiadesigns.it"
"esteticaserenails@gmail.com";"";"Serenails";"Serenails - Automazione richieste per formazione professionale";"Buongiorno,

sono il titolare di Tia Designs, a Mantova, e sviluppo siti e strumenti web su misura.

Ho visto che presentate corsi e percorsi di formazione con richieste di informazioni.

Potrei sviluppare una piccola automazione per organizzare le richieste per corso, sede, obiettivo e prossimo ricontatto. Prima verificherei gli strumenti che usate già, per definire un intervento circoscritto.

È un aspetto che vorreste semplificare? Possiamo sentirci 10 minuti per capire come lo gestite oggi.

Tia Designs
https://tiadesigns.it"
"info@kleis-estetica.it";"";"Centro Estetico a Torino | Kleis Estetica – Bellezza e Benessere";"Centro Estetico a Torino | Kleis Estetica – Bellezza e Benessere - Automazione richieste per formazione professionale";"Buongiorno,

sono il titolare di Tia Designs, a Mantova, e sviluppo siti e strumenti web su misura.

Ho visto che presentate corsi e percorsi di formazione con richieste di informazioni.

Potrei sviluppare una piccola automazione per organizzare le richieste per corso, sede, obiettivo e prossimo ricontatto. Prima verificherei gli strumenti che usate già, per definire un intervento circoscritto.

È un aspetto che vorreste semplificare? Possiamo sentirci 10 minuti per capire come lo gestite oggi.

Tia Designs
https://tiadesigns.it"
"info@galliapalace.it";"";"Location per cerimonie Toscana | Gallia Palace Beach & Golf Resort";"Location per cerimonie Toscana | Gallia Palace Beach & Golf Resort - Modulo richieste per spazi per eventi";"Buongiorno,

sono il titolare di Tia Designs, a Mantova, e sviluppo siti e strumenti web su misura.

Ho visto che presentate spazi e servizi per eventi e richieste di disponibilità.

Potrei sviluppare un modulo guidato per raccogliere data, tipo di evento, partecipanti e servizi richiesti per la verifica. L'obiettivo sarebbe ricevere informazioni più complete già al primo contatto.

È un aspetto che vorreste semplificare? Possiamo sentirci 10 minuti per capire come lo gestite oggi.

Tia Designs
https://tiadesigns.it"
"info@magazzinigeneraliesilos.it";"";"Magazzini Generali e Silos S.p.A.";"Magazzini Generali e Silos S.p.A. - Automazione richieste per servizi locali";"Buongiorno,

sono il titolare di Tia Designs, a Mantova, e sviluppo siti e strumenti web su misura.

Ho visto che presentate i vostri servizi e raccogliete richieste di contatto.

Potrei sviluppare una piccola automazione per raccogliere il motivo del contatto e i dati essenziali prima della risposta. Prima verificherei gli strumenti che usate già, per definire un intervento circoscritto.

È un aspetto che vorreste semplificare? Possiamo sentirci 10 minuti per capire come lo gestite oggi.

Tia Designs
https://tiadesigns.it"
"info@barihub.com";"";"BARIHUB Business-Center a Bari | Box e Depositi in locazione";"BARIHUB Business-Center a Bari | Box e Depositi in locazione - Automazione richieste per servizi locali";"Buongiorno,

sono il titolare di Tia Designs, a Mantova, e sviluppo siti e strumenti web su misura.

Ho visto che presentate i vostri servizi e raccogliete richieste di contatto.

Potrei sviluppare una piccola automazione per raccogliere il motivo del contatto e i dati essenziali prima della risposta. Prima verificherei gli strumenti che usate già, per definire un intervento circoscritto.

È un aspetto che vorreste semplificare? Possiamo sentirci 10 minuti per capire come lo gestite oggi.

Tia Designs
https://tiadesigns.it"
"info@hoteltorinoportasusa.com";"";"s - Hotel Torino Porta Susa";"s - Hotel Torino Porta Susa - Chatbot AI per struttura ricettiva";"Buongiorno,

sono il titolare di Tia Designs, a Mantova, e sviluppo siti e strumenti web su misura.

Ho visto che presentate la struttura e le modalità per chiedere disponibilità.

Potrei aggiungere al sito un chatbot AI in abbonamento mensile per rispondere alle FAQ e raccogliere date, numero di ospiti e preferenze prima del ricontatto. Partirei da risposte approvate da voi, con passaggio al personale per i casi specifici.

È un aspetto che vorreste semplificare? Possiamo sentirci 10 minuti per capire come lo gestite oggi.

Tia Designs
https://tiadesigns.it"
"lucasteddu67@yahoo.it";"";"Contacts";"Contacts - Automazione richieste per servizi locali";"Buongiorno,

sono il titolare di Tia Designs, a Mantova, e sviluppo siti e strumenti web su misura.

Ho visto che presentate i vostri servizi e raccogliete richieste di contatto.

Potrei sviluppare una piccola automazione per raccogliere il motivo del contatto e i dati essenziali prima della risposta. Prima verificherei gli strumenti che usate già, per definire un intervento circoscritto.

È un aspetto che vorreste semplificare? Possiamo sentirci 10 minuti per capire come lo gestite oggi.

Tia Designs
https://tiadesigns.it"
"info@tournapoli.it";"";"Tour Napoli";"Tour Napoli - Automazione richieste per servizi locali";"Buongiorno,

sono il titolare di Tia Designs, a Mantova, e sviluppo siti e strumenti web su misura.

Ho visto che presentate i vostri servizi e raccogliete richieste di contatto.

Potrei sviluppare una piccola automazione per raccogliere il motivo del contatto e i dati essenziali prima della risposta. Prima verificherei gli strumenti che usate già, per definire un intervento circoscritto.

È un aspetto che vorreste semplificare? Possiamo sentirci 10 minuti per capire come lo gestite oggi.

Tia Designs
https://tiadesigns.it"
"reservations@cubepiemonte.com";"";"s | CUBE Travels";"s | CUBE Travels - Chatbot AI per tour operator e viaggi";"Buongiorno,

sono il titolare di Tia Designs, a Mantova, e sviluppo siti e strumenti web su misura.

Ho visto che organizzate viaggi o esperienze e ricevete richieste di preventivo.

Potrei aggiungere al sito un chatbot AI in abbonamento mensile per raccogliere destinazione, periodo, partecipanti e tipo di esperienza per il primo preventivo. Partirei da risposte approvate da voi, con passaggio al personale per i casi specifici.

È un aspetto che vorreste semplificare? Possiamo sentirci 10 minuti per capire come lo gestite oggi.

Tia Designs
https://tiadesigns.it"
